[Licensing::Module] Trying to connect to existing licensing client channel...
Built from '6000.5/staging' branch; Version is '6000.5.10f1 (3bd4f66ad299) revision 3921142'; Using compiler version '194234433'; Build Type 'Release'
[Licensing::IpcConnector] Successfully connected to: "LicenseClient-Keven" at "2026-08-31T21:19:43.9553312Z"
OS: 'Windows 10  (10.0.19045) 64bit Professional' Language: 'pt' Physical Memory: 10101 MB
BatchMode: 1, IsHumanControllingUs: 0, StartBugReporterOnCrash: 0, Is64bit: 1
System  architecture: x64
Process architecture: x64
Date: 2026-08-31T21:19:43Z

COMMAND LINE ARGUMENTS:
C:\Program Files\Unity\Hub\Editor\6000.5.10f1\Editor\Unity.exe
-adb2
-batchMode
-noUpm
-name
AssetImportWorkerHW0
-projectPath
C:/Users/Keven/My project
-logFile
Logs/AssetImportWorkerHW0.log
-srvPort
65201
-parentPid
14416
-analyticsCloudUserId
anonymous
-analyticsCloudProjectId
f2c00382-0b97-489b-8784-dfb113b40c20
-analyticsLocalProjectId
2ec4e3ea1a9f83d4e997795f8d2df655
-editorAnalyticsEnabled
1
-cbmEditorLicense
8f62d3ca0a249b64dfd029593933d5a7bac38c8c
-cbmMachineId
1kJ9veuQa1zzCPIH9WfdC5Jn704=
-licensingIpc
LicenseClient-Keven
-noDiagnosticSwitchPersistentStore
-job-worker-count
5
-background-job-worker-count
8
-asset-garbage-collectors
1
-force-d3d12
-name
AssetImport
Successfully changed project path to: C:/Users/Keven/My project
C:/Users/Keven/My project
[UnityMemory] Configuration Parameters - Can be set up in boot.config
    "memorysetup-temp-allocator-size-gi-baking-worker=262144"
    "memorysetup-temp-allocator-size-gi-baking-worker=262144"
    "memorysetup-temp-allocator-size-gi-baking-worker=262144"
    "memorysetup-temp-allocator-size-gi-baking-worker=262144"
    "memorysetup-temp-allocator-size-gi-baking-worker=262144"
    "memorysetup-temp-allocator-size-nav-mesh-worker=65536"
    "memorysetup-temp-allocator-size-audio-worker=65536"
    "memorysetup-temp-allocator-size-cloud-worker=32768"
    "memorysetup-temp-allocator-size-gfx=262144"
    "memorysetup-remapper-allocator-initial-capacity=32768"
    "memorysetup-temp-allocator-size-preload-manager=33554432"
    "memorysetup-allocator-temp-initial-block-size-main=262144"
    "memorysetup-allocator-temp-initial-block-size-worker=262144"
    "memorysetup-temp-allocator-size-job-worker=262144"
    "memorysetup-temp-allocator-size-background-worker=32768"
    "memorysetup-bucket-allocator-granularity=16"
    "memorysetup-bucket-allocator-bucket-count=8"
    "memorysetup-bucket-allocator-block-size=33554432"
    "memorysetup-bucket-allocator-block-count=8"
    "memorysetup-main-allocator-block-size=16777216"
    "memorysetup-thread-allocator-block-size=16777216"
    "memorysetup-main-allocator-mimalloc-enabled=0"
    "memorysetup-gfx-main-allocator-block-size=16777216"
    "memorysetup-gfx-thread-allocator-block-size=16777216"
    "memorysetup-cache-allocator-block-size=4194304"
    "memorysetup-typetree-allocator-block-size=2097152"
    "memorysetup-profiler-bucket-allocator-granularity=16"
    "memorysetup-profiler-bucket-allocator-bucket-count=8"
    "memorysetup-profiler-bucket-allocator-block-size=33554432"
    "memorysetup-profiler-bucket-allocator-block-count=8"
    "memorysetup-profiler-allocator-block-size=16777216"
    "memorysetup-profiler-editor-allocator-block-size=1048576"
    "memorysetup-temp-allocator-size-main=16777216"
    "memorysetup-job-temp-allocator-block-size=2097152"
    "memorysetup-job-temp-allocator-block-size-background=1048576"
    "memorysetup-job-temp-allocator-reduction-small-platforms=262144"
Player connection [8904]  Target information:

Player connection [8904]  * "[IP] 192.168.56.1 [Port] 0 [Flags] 2 [Guid] 250331757 [EditorId] 250331757 [Version] 1048832 [Id] WindowsEditor(7,DESKTOP-RH39JDJ) [Debug] 1 [PackageName] WindowsEditor [ProjectName] Editor" 

Player connection [8904]  * "[IP] 192.168.0.106 [Port] 0 [Flags] 2 [Guid] 250331757 [EditorId] 250331757 [Version] 1048832 [Id] WindowsEditor(7,DESKTOP-RH39JDJ) [Debug] 1 [PackageName] WindowsEditor [ProjectName] Editor" 

Player connection [8904] Host joined multi-casting on [225.0.0.222:54997]...
Player connection [8904] Host joined alternative multi-casting on [225.0.0.222:34997]...
JobSystem: Creating JobQueue using job-worker-count value 5
Input System module state changed to: Initialized.
[Physics::Module] Initialized fallback backend.
[Physics::Module] Id: 0xdecafbad
Library Redirect Path: Library/
[Physics::Module] Selected backend.
[Physics::Module] Name: PhysX
[Physics::Module] Id: 0xf2b8ea05
[Physics::Module] SDK Version: 4.1.2
[Physics::Module] Integration Version: 1.0.0
[Physics::Module] Threading Mode: Multi-Threaded
Refreshing native plugins compatible for Editor in 31.16 ms, found 5 plugins.
Preloading 1 native plugins for Editor in 4.35 ms.
Initialize engine version: 6000.5.10f1 (3bd4f66ad299)
[Subsystems] Discovering subsystems at path C:/Program Files/Unity/Hub/Editor/6000.5.10f1/Editor/Data/Resources/UnitySubsystems
[Subsystems] Discovering subsystems at path C:/Users/Keven/My project/Assets
Forcing GfxDevice: Direct3D 12
GfxDevice: creating device client; kGfxThreadingModeNonThreaded
d3d12: failed to query info queue interface (0x80004002).
Direct3D:
    Version:         Direct3D 12 [level 12.1]
    Renderer:        AMD Radeon(TM) Graphics (ID=0x164c)
    Vendor:          ATI
    VRAM:            5050 MB
    App VRAM Budget: 6472 MB
    Driver:          31.0.21925.1001
    Unified Memory Architecture
Initialize mono
Mono path[0] = 'C:/Program Files/Unity/Hub/Editor/6000.5.10f1/Editor/Data/Managed'
Mono path[1] = 'C:/Program Files/Unity/Hub/Editor/6000.5.10f1/Editor/Data/BCLExtensions/runtime/netstandard2.1'
Mono path[2] = 'C:/Program Files/Unity/Hub/Editor/6000.5.10f1/Editor/Data/MonoBleedingEdge/lib/mono/unityjit-win32'
Mono config path = 'C:/Program Files/Unity/Hub/Editor/6000.5.10f1/Editor/Data/MonoBleedingEdge/etc'
Using monoOptions --debugger-agent=transport=dt_socket,embedding=1,server=y,suspend=n,address=127.0.0.1:56184
CodeReloadManager initialized
[Licensing::Client] Error: HandshakeResponse reported an error:
	ResponseCode: 505
	ResponseStatus: Unsupported protocol version '1.18.3'.
[Licensing::Module] Error: Failed to handshake to channel: "LicenseClient-Keven"
[Licensing::IpcConnector] LicenseClient-Keven channel disconnected successfully.
[Licensing::IpcConnector] Successfully connected to: "LicenseClient-Keven-6000.5.10" at "2026-08-31T21:19:46.0895735Z"
[Licensing::Client] Code 10 while verifying Licensing Client signature (process Id: 13012, path: "C:/Program Files/Unity/Hub/Editor/6000.5.10f1/Editor/Data/Resources/Licensing/Client/Unity.Licensing.Client.exe")
[Licensing::Module] LicensingClient has failed validation; ignoring
[Licensing::Client] Handshaking with LicensingClient:
  Version:                 1.18.3+d7ffd15
  Session Id:              fc228024ec2648d7aef4bd5666c70103
  Correlation Id:          3322737933e26500729af1f53e42c84b
  External correlation Id: 4187400394345252923
  Machine Id:              1kJ9veuQa1zzCPIH9WfdC5Jn704=
[Licensing::Module] Successfully connected to LicensingClient on channel: "LicenseClient-Keven-6000.5.10" (connect: 0.00s, validation: 0.00s, handshake: 0.02s)
[Licensing::IpcConnector] Successfully connected to: "LicenseClient-Keven-6000.5.10-notifications" at "2026-08-31T21:19:46.1190095Z"
[Licensing::Module] Licensing Background thread has ended after 2.16s
Begin MonoManager ReloadAssembly
Registering precompiled unity dll's ...
Register platform support module: C:/Program Files/Unity/Hub/Editor/6000.5.10f1/Editor/Data/PlaybackEngines/WebGLSupport/UnityEditor.WebGL.Extensions.dll
Register platform support module: C:/Program Files/Unity/Hub/Editor/6000.5.10f1/Editor/Data/PlaybackEngines/WindowsStandaloneSupport/UnityEditor.WindowsStandalone.Extensions.dll
Registered in 0.012327 seconds.
Native extension for WindowsStandalone target not found
Native extension for WebGL target not found
Package Manager log level set to [2]
[Package Manager] Failed to launch server process. Reason: Unity was launched with the -noUpm command-line argument
[Package Manager] Unable to send message (not connected to server process).
[Package Manager] Cannot connect to Unity Package Manager local server
ScheduleIndexationOnStartup MainProcess:False IndexOnStartup:True
Mono: successfully reloaded assembly
- Finished resetting the current domain, in  3.367 seconds
Domain Reload Profiling: 5216ms
	BeginReloadAssembly (529ms)
		CreateAndSetChildDomain (11ms)
	RebuildCommonClasses (37ms)
	RebuildNativeTypeToScriptingClass (63ms)
	initialDomainReloadingComplete (258ms)
	LoadAllAssembliesAndSetupDomain (956ms)
		LoadAssemblies (509ms)
		AnalyzeDomain (680ms)
			TypeCache.Refresh (675ms)
				TypeCache.ScanAssembly (609ms)
	FinalizeReload (3374ms)
		SetupLoadedEditorAssemblies (0ms)
			InitializePlatformSupportModulesInManaged (5ms)
			BeforeProcessingInitializeOnLoad (463ms)
			ProcessInitializeOnLoadAttributes (1001ms)
			ProcessInitializeOnLoadMethodAttributes (1167ms)
Initializing Unity extensions:
[Licensing::Client] Successfully resolved entitlement details
[Licensing::Module] License group:
  Id: 4673641053496-UnityPersXXXX
  Product: Unity Personal
  Type: Assigned
  Expiration: Unlimited
Curl error 3: URL rejected: Malformed input to a URL function
========================================================================
Worker process is ready to serve import requests
Import Worker Mode flag is 0x00
Begin MonoManager ReloadAssembly
Symbol file LoadedFromMemory is not a mono symbol file
Symbol file LoadedFromMemory is not a mono symbol file
Refreshing native plugins compatible for Editor in 24.55 ms, found 5 plugins.
Native extension for WindowsStandalone target not found
Native extension for WebGL target not found
[Package Manager] Failed to launch server process. Reason: Unity was launched with the -noUpm command-line argument
[Package Manager] Unable to send message (not connected to server process).
[Package Manager] Cannot connect to Unity Package Manager local server
Refreshing native plugins compatible for Editor in 16.45 ms, found 5 plugins.
[Package Manager] Failed to launch server process. Reason: Unity was launched with the -noUpm command-line argument
[Package Manager] Unable to send message (not connected to server process).
[Package Manager] Cannot connect to Unity Package Manager local server
[Licensing::Client] Error: Code 404 while processing request (status: Found 0 entitlement groups and 0 free entitlements matching requested entitlement ids)
[Licensing::Client] Error: Code 404 while processing request (status: Found 0 entitlement groups and 0 free entitlements matching requested entitlement ids)
[Licensing::Client] Error: Code 404 while processing request (status: Found 0 entitlement groups and 0 free entitlements matching requested entitlement ids)
ScheduleIndexationOnStartup MainProcess:False IndexOnStartup:True
Mono: successfully reloaded assembly
- Finished resetting the current domain, in  4.607 seconds
Domain Reload Profiling: 9314ms
	BeginReloadAssembly (510ms)
		DisableScriptedObjects (43ms)
		CreateAndSetChildDomain (78ms)
	RebuildCommonClasses (32ms)
	RebuildNativeTypeToScriptingClass (44ms)
	initialDomainReloadingComplete (355ms)
	LoadAllAssembliesAndSetupDomain (3763ms)
		LoadAssemblies (1946ms)
		AnalyzeDomain (1580ms)
			TypeCache.Refresh (1176ms)
				TypeCache.ScanAssembly (1063ms)
			BuildScriptInfoCaches (378ms)
			ResolveRequiredComponents (15ms)
	FinalizeReload (4610ms)
		SetupLoadedEditorAssemblies (0ms)
			InitializePlatformSupportModulesInManaged (4ms)
			BeforeProcessingInitializeOnLoad (272ms)
			ProcessInitializeOnLoadAttributes (2819ms)
			ProcessInitializeOnLoadMethodAttributes (633ms)
			AfterProcessingInitializeOnLoad (17ms)
			EditorAssembliesLoaded (5ms)
		AwakeInstancesAfterBackupRestoration (21ms)
AcceleratorClientConnectionCallback - disconnected - :0
Launched and connected shader compiler UnityShaderCompiler.exe after 0.03 seconds
Refreshing native plugins compatible for Editor in 17.30 ms, found 5 plugins.
Unloading 65 Unused Serialized files (Serialized files now loaded: 0)
Curl error 3: URL rejected: Malformed input to a URL function
Unloading 10505 unused Assets / (14.0 MB). Loaded Objects now: 11479.
Memory consumption went from 497.1 MB to 483.0 MB.
Total: 259.077400 ms (FindLiveObjects: 71.242900 ms CreateObjectMapping: 13.964500 ms MarkObjects: 153.251400 ms  DeleteObjects: 20.613900 ms)

========================================================================
Received Prepare
AcceleratorClientConnectionCallback - disconnected - :0
Refreshing native plugins compatible for Editor in 10.37 ms, found 5 plugins.
Unloading 65 Unused Serialized files (Serialized files now loaded: 0)
Unloading 65 unused Assets / (13.7 MB). Loaded Objects now: 11479.
Memory consumption went from 485.4 MB to 471.6 MB.
Total: 42.207200 ms (FindLiveObjects: 1.408800 ms CreateObjectMapping: 1.540000 ms MarkObjects: 34.092500 ms  DeleteObjects: 5.162600 ms)

Prepare: number of updated asset objects reloaded= 0
========================================================================
Received Import Request.
  Time of request: 2026-08-31T22:24:47.8988721Z
  Time since last request: 90227.37008409999544 seconds.
  importAddress: GUID: a123b115cecb73f47a18a5481e9acfce - Path: Assets/PlayerInputActions.cs - Importer: ScriptedImporter/UnityEditor.QuickSearchModule:UnityEditor.Search:ASIAI0B
Importing 'GUID: a123b115cecb73f47a18a5481e9acfce - Path: Assets/PlayerInputActions.cs - Importer: ScriptedImporter/UnityEditor.QuickSearchModule:UnityEditor.Search:ASIAI0B' with importer (ScriptedImporter : UnityEditor.QuickSearchModule:UnityEditor.Search:ASIAI0B)
Imported 'GUID: a123b115cecb73f47a18a5481e9acfce' -> (Import Result ID: '3336deb1073a4dc7637f687de480aeb9') in 1.606 seconds [static and dynamic dependencies]. Details - ImportResultOutputID=a306114747d039549a3c7b4fbfe850a9 DependenciesID=fbe07169e8339a902a01019dd39a85b7 StaticDependenciesID=a6e35ba91d088eb6fdd56af50b566cee 
Number of updated asset objects reloaded before import = 0
Number of asset objects unloaded after import = 0
========================================================================
Received Import Request.
  Time of request: 2026-08-31T22:24:49.8382845Z
  Time since last request: 0.0027157 seconds.
  importAddress: GUID: 4ba3c592d8bf5c648999df84dda619df - Path: Assets/Scripts/PlayerMovement.cs - Importer: ScriptedImporter/UnityEditor.QuickSearchModule:UnityEditor.Search:ASIAI0B
Importing 'GUID: 4ba3c592d8bf5c648999df84dda619df - Path: Assets/Scripts/PlayerMovement.cs - Importer: ScriptedImporter/UnityEditor.QuickSearchModule:UnityEditor.Search:ASIAI0B' with importer (ScriptedImporter : UnityEditor.QuickSearchModule:UnityEditor.Search:ASIAI0B)
Imported 'GUID: 4ba3c592d8bf5c648999df84dda619df' -> (Import Result ID: '2cb01c4899bac15625d1c5b48dbfafd7') in 0.089 seconds [static and dynamic dependencies]. Details - ImportResultOutputID=930c91a3f7869220f74e06e82c68cc23 DependenciesID=366963e26ef1516e4edb61483842c920 StaticDependenciesID=2c77fe01eecc47484e387cc9f38e9cd5 
Number of updated asset objects reloaded before import = 0
Number of asset objects unloaded after import = 0
========================================================================
Received Import Request.
  Time of request: 2026-08-31T22:24:49.9453315Z
  Time since last request: 0.0020946 seconds.
  importAddress: GUID: 8af4199a599d0514cba13b1880d1826b - Path: Assets/PlayerInputActions.inputactions - Importer: ScriptedImporter/UnityEditor.QuickSearchModule:UnityEditor.Search:ASIAI0B
Importing 'GUID: 8af4199a599d0514cba13b1880d1826b - Path: Assets/PlayerInputActions.inputactions - Importer: ScriptedImporter/UnityEditor.QuickSearchModule:UnityEditor.Search:ASIAI0B' with importer (ScriptedImporter : UnityEditor.QuickSearchModule:UnityEditor.Search:ASIAI0B)
Imported 'GUID: 8af4199a599d0514cba13b1880d1826b' -> (Import Result ID: 'c105a863903cd4e41a3eded063e2e705') in 1.159 seconds [static and dynamic dependencies]. Details - ImportResultOutputID=f33f259951a329bad55632f56ccce3d2 DependenciesID=40f3960023d9f165168ff2fdd3dc397e StaticDependenciesID=55245597a8e187d299184de0340e3ef0 
Number of updated asset objects reloaded before import = 0
Number of asset objects unloaded after import = 4
========================================================================
Received Import Request.
  Time of request: 2026-08-31T22:25:36.1808696Z
  Time since last request: 45.0600843 seconds.
  importAddress: GUID: 4ba3c592d8bf5c648999df84dda619df - Path: Assets/Scripts/PlayerMovement.cs - Importer: PreviewImporter
Importing 'GUID: 4ba3c592d8bf5c648999df84dda619df - Path: Assets/Scripts/PlayerMovement.cs - Importer: PreviewImporter' with importer (PreviewImporter)
Imported 'GUID: 4ba3c592d8bf5c648999df84dda619df' -> (Import Result ID: '4aba388765dbe8d9381302909b7bb213') in 0.008 seconds [static and dynamic dependencies]. Details - ImportResultOutputID=160365aaf17e3edf04282b32e617ea22 DependenciesID=147de415d424e339a1f9b1d86133f1a2 StaticDependenciesID=93dc0f2c8454a794753551f3321a9bb9 
Number of updated asset objects reloaded before import = 0
Number of asset objects unloaded after import = 0
========================================================================
Received Prepare
AcceleratorClientConnectionCallback - disconnected - :0
[Licensing::Client] Successfully resolved entitlement details
Begin MonoManager ReloadAssembly
Symbol file LoadedFromMemory is not a mono symbol file
Symbol file LoadedFromMemory is not a mono symbol file
Refreshing native plugins compatible for Editor in 4.80 ms, found 5 plugins.
Native extension for WindowsStandalone target not found
Native extension for WebGL target not found
[Package Manager] Failed to launch server process. Reason: Unity was launched with the -noUpm command-line argument
[Package Manager] Unable to send message (not connected to server process).
[Package Manager] Cannot connect to Unity Package Manager local server
Refreshing native plugins compatible for Editor in 8.76 ms, found 5 plugins.
[Package Manager] Failed to launch server process. Reason: Unity was launched with the -noUpm command-line argument
[Package Manager] Unable to send message (not connected to server process).
[Package Manager] Cannot connect to Unity Package Manager local server
[Licensing::Client] Error: Code 404 while processing request (status: Found 0 entitlement groups and 0 free entitlements matching requested entitlement ids)
ScheduleIndexationOnStartup MainProcess:False IndexOnStartup:True
Mono: successfully reloaded assembly
- Finished resetting the current domain, in  4.053 seconds
Domain Reload Profiling: 16825ms
	BeginReloadAssembly (4873ms)
		ExecutionOrderSort (9ms)
		DisableScriptedObjects (217ms)
		ReleaseScriptingObjects (4ms)
		CreateAndSetChildDomain (2217ms)
	RebuildCommonClasses (15ms)
	RebuildNativeTypeToScriptingClass (31ms)
	initialDomainReloadingComplete (573ms)
	LoadAllAssembliesAndSetupDomain (7279ms)
		LoadAssemblies (5281ms)
		AnalyzeDomain (1988ms)
			TypeCache.Refresh (150ms)
				TypeCache.ScanAssembly (6ms)
			BuildScriptInfoCaches (1663ms)
			ResolveRequiredComponents (99ms)
	FinalizeReload (4054ms)
		SetupLoadedEditorAssemblies (0ms)
			InitializePlatformSupportModulesInManaged (4ms)
			BeforeProcessingInitializeOnLoad (238ms)
			ProcessInitializeOnLoadAttributes (1992ms)
			ProcessInitializeOnLoadMethodAttributes (1114ms)
			AfterProcessingInitializeOnLoad (16ms)
			EditorAssembliesLoaded (3ms)
		AwakeInstancesAfterBackupRestoration (36ms)
Refreshing native plugins compatible for Editor in 5.91 ms, found 5 plugins.
Unloading 65 Unused Serialized files (Serialized files now loaded: 0)
Unloading 10501 unused Assets / (22.3 MB). Loaded Objects now: 11525.
Memory consumption went from 505.6 MB to 483.4 MB.
Total: 57.770600 ms (FindLiveObjects: 2.569100 ms CreateObjectMapping: 3.096200 ms MarkObjects: 34.517300 ms  DeleteObjects: 17.309200 ms)

Prepare: number of updated asset objects reloaded= 0
========================================================================
Received Import Request.
  Time of request: 2026-08-31T22:28:43.8780357Z
  Time since last request: 187.67489069999999 seconds.
  importAddress: GUID: a123b115cecb73f47a18a5481e9acfce - Path: Assets/PlayerInputActions.cs - Importer: PreviewImporter
Importing 'GUID: a123b115cecb73f47a18a5481e9acfce - Path: Assets/PlayerInputActions.cs - Importer: PreviewImporter' with importer (PreviewImporter)
Imported 'GUID: a123b115cecb73f47a18a5481e9acfce' -> (Import Result ID: 'd7495d486e77a8ab31541850e903c80f') in 0.019 seconds [static and dynamic dependencies]. Details - ImportResultOutputID=eb565ca53571c3715e8646682b56b6ac DependenciesID=a0d5ed14f9eca7d205adcacfa796743d StaticDependenciesID=663169e2c7cfae8540498941dc218ea5 
Number of updated asset objects reloaded before import = 0
Number of asset objects unloaded after import = 0
========================================================================
Received Import Request.
  Time of request: 2026-08-31T22:28:43.9214803Z
  Time since last request: 0.0031427 seconds.
  importAddress: GUID: 4ba3c592d8bf5c648999df84dda619df - Path: Assets/Scripts/PlayerMovement.cs - Importer: PreviewImporter
Importing 'GUID: 4ba3c592d8bf5c648999df84dda619df - Path: Assets/Scripts/PlayerMovement.cs - Importer: PreviewImporter' with importer (PreviewImporter)
Imported 'GUID: 4ba3c592d8bf5c648999df84dda619df' -> (Import Result ID: '01aa4572f948f8468f8de0dc1ebeb1ea') in 0.003 seconds [static and dynamic dependencies]. Details - ImportResultOutputID=160365aaf17e3edf04282b32e617ea22 DependenciesID=fc1031676cbee32956d0ddb0f4ab9aa2 StaticDependenciesID=8898531890ac4059325e92a0928f9fd1 
Number of updated asset objects reloaded before import = 0
Number of asset objects unloaded after import = 0
========================================================================
Received Prepare
AcceleratorClientConnectionCallback - disconnected - :0
Refreshing native plugins compatible for Editor in 4.44 ms, found 5 plugins.
Unloading 65 Unused Serialized files (Serialized files now loaded: 0)
Unloading 65 unused Assets / (13.7 MB). Loaded Objects now: 11525.
Memory consumption went from 498.3 MB to 484.5 MB.
Total: 26.571800 ms (FindLiveObjects: 0.813400 ms CreateObjectMapping: 0.769000 ms MarkObjects: 21.084000 ms  DeleteObjects: 3.902800 ms)

Prepare: number of updated asset objects reloaded= 0
========================================================================
Received Prepare
AcceleratorClientConnectionCallback - disconnected - :0
Refreshing native plugins compatible for Editor in 3.80 ms, found 5 plugins.
Unloading 65 Unused Serialized files (Serialized files now loaded: 0)
Unloading 10481 unused Assets / (23.0 MB). Loaded Objects now: 11525.
Memory consumption went from 508.4 MB to 485.4 MB.
Total: 37.427200 ms (FindLiveObjects: 1.528800 ms CreateObjectMapping: 2.190800 ms MarkObjects: 19.990100 ms  DeleteObjects: 13.715200 ms)

Prepare: number of updated asset objects reloaded= 0
========================================================================
Received Import Request.
  Time of request: 2026-08-31T22:31:27.3468313Z
  Time since last request: 163.40571840000001 seconds.
  importAddress: GUID: 8af4199a599d0514cba13b1880d1826b - Path: Assets/PlayerInputActions.inputactions - Importer: PreviewImporter
Importing 'GUID: 8af4199a599d0514cba13b1880d1826b - Path: Assets/PlayerInputActions.inputactions - Importer: PreviewImporter' with importer (PreviewImporter)
Imported 'GUID: 8af4199a599d0514cba13b1880d1826b' -> (Import Result ID: 'f03a4b6b5a48ad6e3cf289409754d238') in 0.044 seconds [static and dynamic dependencies]. Details - ImportResultOutputID=3f7edd87703de7f43080f2245c7def2a DependenciesID=83e136b71ea8be79531a68f10ca2f554 StaticDependenciesID=2f1f59d8385cf4696ccd7eb13a2cdb0d 
Number of updated asset objects reloaded before import = 0
Number of asset objects unloaded after import = 3
========================================================================
Received Prepare
AcceleratorClientConnectionCallback - disconnected - :0
[Licensing::Client] Successfully resolved entitlement details
Begin MonoManager ReloadAssembly
Symbol file LoadedFromMemory is not a mono symbol file
Symbol file LoadedFromMemory is not a mono symbol file
Refreshing native plugins compatible for Editor in 4.42 ms, found 5 plugins.
Native extension for WindowsStandalone target not found
Native extension for WebGL target not found
[Package Manager] Failed to launch server process. Reason: Unity was launched with the -noUpm command-line argument
[Package Manager] Unable to send message (not connected to server process).
[Package Manager] Cannot connect to Unity Package Manager local server
Refreshing native plugins compatible for Editor in 7.71 ms, found 5 plugins.
[Package Manager] Failed to launch server process. Reason: Unity was launched with the -noUpm command-line argument
[Package Manager] Unable to send message (not connected to server process).
[Package Manager] Cannot connect to Unity Package Manager local server
[Licensing::Client] Error: Code 404 while processing request (status: Found 0 entitlement groups and 0 free entitlements matching requested entitlement ids)
ScheduleIndexationOnStartup MainProcess:False IndexOnStartup:True
Mono: successfully reloaded assembly
- Finished resetting the current domain, in  2.407 seconds
Domain Reload Profiling: 7132ms
	BeginReloadAssembly (785ms)
		DisableScriptedObjects (23ms)
		CreateAndSetChildDomain (369ms)
	RebuildCommonClasses (12ms)
	RebuildNativeTypeToScriptingClass (24ms)
	initialDomainReloadingComplete (275ms)
	LoadAllAssembliesAndSetupDomain (3626ms)
		LoadAssemblies (2538ms)
		AnalyzeDomain (1019ms)
			TypeCache.Refresh (68ms)
				TypeCache.ScanAssembly (3ms)
			BuildScriptInfoCaches (876ms)
			ResolveRequiredComponents (13ms)
	FinalizeReload (2409ms)
		SetupLoadedEditorAssemblies (0ms)
			InitializePlatformSupportModulesInManaged (3ms)
			BeforeProcessingInitializeOnLoad (183ms)
			ProcessInitializeOnLoadAttributes (1134ms)
			ProcessInitializeOnLoadMethodAttributes (677ms)
			AfterProcessingInitializeOnLoad (14ms)
		AwakeInstancesAfterBackupRestoration (43ms)
Refreshing native plugins compatible for Editor in 5.61 ms, found 5 plugins.
Unloading 65 Unused Serialized files (Serialized files now loaded: 0)
Unloading 10501 unused Assets / (23.3 MB). Loaded Objects now: 11529.
Memory consumption went from 503.7 MB to 480.4 MB.
Total: 36.555800 ms (FindLiveObjects: 1.681400 ms CreateObjectMapping: 2.679200 ms MarkObjects: 21.264200 ms  DeleteObjects: 10.927600 ms)

Prepare: number of updated asset objects reloaded= 0
========================================================================
Received Prepare
AcceleratorClientConnectionCallback - disconnected - :0
[Licensing::Client] Successfully resolved entitlement details
Begin MonoManager ReloadAssembly
Symbol file LoadedFromMemory is not a mono symbol file
Symbol file LoadedFromMemory is not a mono symbol file
Refreshing native plugins compatible for Editor in 6.90 ms, found 5 plugins.
Native extension for WindowsStandalone target not found
Native extension for WebGL target not found
[Package Manager] Failed to launch server process. Reason: Unity was launched with the -noUpm command-line argument
[Package Manager] Unable to send message (not connected to server process).
[Package Manager] Cannot connect to Unity Package Manager local server
Refreshing native plugins compatible for Editor in 7.08 ms, found 5 plugins.
[Package Manager] Failed to launch server process. Reason: Unity was launched with the -noUpm command-line argument
[Package Manager] Unable to send message (not connected to server process).
[Package Manager] Cannot connect to Unity Package Manager local server
[Licensing::Client] Error: Code 404 while processing request (status: Found 0 entitlement groups and 0 free entitlements matching requested entitlement ids)
ScheduleIndexationOnStartup MainProcess:False IndexOnStartup:True
Mono: successfully reloaded assembly
- Finished resetting the current domain, in  3.625 seconds
Domain Reload Profiling: 6008ms
	BeginReloadAssembly (439ms)
		DisableScriptedObjects (17ms)
		CreateAndSetChildDomain (144ms)
	RebuildCommonClasses (16ms)
	RebuildNativeTypeToScriptingClass (25ms)
	initialDomainReloadingComplete (165ms)
	LoadAllAssembliesAndSetupDomain (1737ms)
		LoadAssemblies (1019ms)
		AnalyzeDomain (619ms)
			TypeCache.Refresh (27ms)
			BuildScriptInfoCaches (582ms)
			ResolveRequiredComponents (7ms)
	FinalizeReload (3626ms)
		SetupLoadedEditorAssemblies (0ms)
			InitializePlatformSupportModulesInManaged (5ms)
			BeforeProcessingInitializeOnLoad (290ms)
			ProcessInitializeOnLoadAttributes (1880ms)
			ProcessInitializeOnLoadMethodAttributes (942ms)
			AfterProcessingInitializeOnLoad (15ms)
		AwakeInstancesAfterBackupRestoration (62ms)
Refreshing native plugins compatible for Editor in 4.79 ms, found 5 plugins.
Unloading 65 Unused Serialized files (Serialized files now loaded: 0)
Unloading 10501 unused Assets / (24.4 MB). Loaded Objects now: 11532.
Memory consumption went from 511.0 MB to 486.7 MB.
Total: 42.200000 ms (FindLiveObjects: 2.281500 ms CreateObjectMapping: 3.623500 ms MarkObjects: 23.210300 ms  DeleteObjects: 13.079700 ms)

Prepare: number of updated asset objects reloaded= 0
========================================================================
Received Prepare
AcceleratorClientConnectionCallback - disconnected - :0
Begin MonoManager ReloadAssembly
Symbol file LoadedFromMemory is not a mono symbol file
Symbol file LoadedFromMemory is not a mono symbol file
Refreshing native plugins compatible for Editor in 7.95 ms, found 5 plugins.
Native extension for WindowsStandalone target not found
Native extension for WebGL target not found
[Package Manager] Failed to launch server process. Reason: Unity was launched with the -noUpm command-line argument
[Package Manager] Unable to send message (not connected to server process).
[Package Manager] Cannot connect to Unity Package Manager local server
Refreshing native plugins compatible for Editor in 5.43 ms, found 5 plugins.
[Package Manager] Failed to launch server process. Reason: Unity was launched with the -noUpm command-line argument
[Package Manager] Unable to send message (not connected to server process).
[Package Manager] Cannot connect to Unity Package Manager local server
[Licensing::Client] Error: Code 404 while processing request (status: Found 0 entitlement groups and 0 free entitlements matching requested entitlement ids)
ScheduleIndexationOnStartup MainProcess:False IndexOnStartup:True
Mono: successfully reloaded assembly
- Finished resetting the current domain, in  2.786 seconds
Domain Reload Profiling: 4480ms
	BeginReloadAssembly (445ms)
		DisableScriptedObjects (17ms)
		CreateAndSetChildDomain (149ms)
	RebuildCommonClasses (13ms)
	RebuildNativeTypeToScriptingClass (24ms)
	initialDomainReloadingComplete (160ms)
	LoadAllAssembliesAndSetupDomain (1049ms)
		LoadAssemblies (924ms)
		AnalyzeDomain (28ms)
			TypeCache.Refresh (13ms)
			ResolveRequiredComponents (9ms)
	FinalizeReload (2788ms)
		SetupLoadedEditorAssemblies (0ms)
			InitializePlatformSupportModulesInManaged (3ms)
			BeforeProcessingInitializeOnLoad (230ms)
			ProcessInitializeOnLoadAttributes (1237ms)
			ProcessInitializeOnLoadMethodAttributes (815ms)
			AfterProcessingInitializeOnLoad (23ms)
		AwakeInstancesAfterBackupRestoration (79ms)
Refreshing native plugins compatible for Editor in 6.12 ms, found 5 plugins.
Unloading 65 Unused Serialized files (Serialized files now loaded: 0)
Unloading 10501 unused Assets / (23.3 MB). Loaded Objects now: 11535.
Memory consumption went from 0.50 GB to 489.7 MB.
Total: 42.814700 ms (FindLiveObjects: 1.999500 ms CreateObjectMapping: 2.606700 ms MarkObjects: 25.870400 ms  DeleteObjects: 12.335900 ms)

Prepare: number of updated asset objects reloaded= 0
========================================================================
Received Prepare
AcceleratorClientConnectionCallback - disconnected - :0
[Licensing::Client] Successfully resolved entitlement details
Begin MonoManager ReloadAssembly
Symbol file LoadedFromMemory is not a mono symbol file
Symbol file LoadedFromMemory is not a mono symbol file
Refreshing native plugins compatible for Editor in 8.08 ms, found 5 plugins.
Native extension for WindowsStandalone target not found
Native extension for WebGL target not found
[Package Manager] Failed to launch server process. Reason: Unity was launched with the -noUpm command-line argument
[Package Manager] Unable to send message (not connected to server process).
[Package Manager] Cannot connect to Unity Package Manager local server
Refreshing native plugins compatible for Editor in 6.98 ms, found 5 plugins.
[Package Manager] Failed to launch server process. Reason: Unity was launched with the -noUpm command-line argument
[Package Manager] Unable to send message (not connected to server process).
[Package Manager] Cannot connect to Unity Package Manager local server
[Licensing::Client] Error: Code 404 while processing request (status: Found 0 entitlement groups and 0 free entitlements matching requested entitlement ids)
ScheduleIndexationOnStartup MainProcess:False IndexOnStartup:True
Mono: successfully reloaded assembly
- Finished resetting the current domain, in  2.610 seconds
Domain Reload Profiling: 5311ms
	BeginReloadAssembly (640ms)
		DisableScriptedObjects (24ms)
		CreateAndSetChildDomain (173ms)
	RebuildCommonClasses (18ms)
	RebuildNativeTypeToScriptingClass (28ms)
	initialDomainReloadingComplete (228ms)
	LoadAllAssembliesAndSetupDomain (1785ms)
		LoadAssemblies (1079ms)
		AnalyzeDomain (701ms)
			TypeCache.Refresh (43ms)
			BuildScriptInfoCaches (648ms)
			ResolveRequiredComponents (7ms)
	FinalizeReload (2612ms)
		SetupLoadedEditorAssemblies (0ms)
			InitializePlatformSupportModulesInManaged (4ms)
			BeforeProcessingInitializeOnLoad (219ms)
			ProcessInitializeOnLoadAttributes (1264ms)
			ProcessInitializeOnLoadMethodAttributes (658ms)
			AfterProcessingInitializeOnLoad (17ms)
		AwakeInstancesAfterBackupRestoration (39ms)
Refreshing native plugins compatible for Editor in 6.55 ms, found 5 plugins.
Unloading 65 Unused Serialized files (Serialized files now loaded: 0)
Unloading 10501 unused Assets / (23.2 MB). Loaded Objects now: 11538.
Memory consumption went from 0.51 GB to 496.9 MB.
Total: 41.752500 ms (FindLiveObjects: 1.735600 ms CreateObjectMapping: 3.717800 ms MarkObjects: 21.599600 ms  DeleteObjects: 14.696900 ms)

Prepare: number of updated asset objects reloaded= 0
========================================================================
Received Prepare
AcceleratorClientConnectionCallback - disconnected - :0
[Licensing::Client] Successfully resolved entitlement details
Begin MonoManager ReloadAssembly
Symbol file LoadedFromMemory is not a mono symbol file
Symbol file LoadedFromMemory is not a mono symbol file
Refreshing native plugins compatible for Editor in 21.84 ms, found 5 plugins.
Native extension for WindowsStandalone target not found
Native extension for WebGL target not found
[Package Manager] Failed to launch server process. Reason: Unity was launched with the -noUpm command-line argument
[Package Manager] Unable to send message (not connected to server process).
[Package Manager] Cannot connect to Unity Package Manager local server
Refreshing native plugins compatible for Editor in 5.27 ms, found 5 plugins.
[Package Manager] Failed to launch server process. Reason: Unity was launched with the -noUpm command-line argument
[Package Manager] Unable to send message (not connected to server process).
[Package Manager] Cannot connect to Unity Package Manager local server
[Licensing::Client] Error: Code 404 while processing request (status: Found 0 entitlement groups and 0 free entitlements matching requested entitlement ids)
ScheduleIndexationOnStartup MainProcess:False IndexOnStartup:True
Mono: successfully reloaded assembly
- Finished resetting the current domain, in  3.164 seconds
Domain Reload Profiling: 7975ms
	BeginReloadAssembly (1164ms)
		DisableScriptedObjects (92ms)
		ReleaseScriptingObjects (3ms)
		CreateAndSetChildDomain (343ms)
	RebuildCommonClasses (14ms)
	RebuildNativeTypeToScriptingClass (26ms)
	initialDomainReloadingComplete (208ms)
	LoadAllAssembliesAndSetupDomain (3398ms)
		LoadAssemblies (2266ms)
		AnalyzeDomain (907ms)
			TypeCache.Refresh (48ms)
			BuildScriptInfoCaches (819ms)
			ResolveRequiredComponents (24ms)
	FinalizeReload (3166ms)
		SetupLoadedEditorAssemblies (0ms)
			InitializePlatformSupportModulesInManaged (4ms)
			BeforeProcessingInitializeOnLoad (209ms)
			ProcessInitializeOnLoadAttributes (1553ms)
			ProcessInitializeOnLoadMethodAttributes (936ms)
			AfterProcessingInitializeOnLoad (13ms)
		AwakeInstancesAfterBackupRestoration (50ms)
Refreshing native plugins compatible for Editor in 7.32 ms, found 5 plugins.
Unloading 65 Unused Serialized files (Serialized files now loaded: 0)
Unloading 10501 unused Assets / (22.6 MB). Loaded Objects now: 11541.
Memory consumption went from 0.51 GB to 503.0 MB.
Total: 52.139500 ms (FindLiveObjects: 5.707100 ms CreateObjectMapping: 3.582200 ms MarkObjects: 29.037500 ms  DeleteObjects: 13.809500 ms)

Prepare: number of updated asset objects reloaded= 0
========================================================================
Received Prepare
AcceleratorClientConnectionCallback - disconnected - :0
Refreshing native plugins compatible for Editor in 4.44 ms, found 5 plugins.
Unloading 65 Unused Serialized files (Serialized files now loaded: 0)
Unloading 65 unused Assets / (13.7 MB). Loaded Objects now: 11541.
Memory consumption went from 0.51 GB to 506.7 MB.
Total: 24.230200 ms (FindLiveObjects: 0.805400 ms CreateObjectMapping: 0.842000 ms MarkObjects: 18.863800 ms  DeleteObjects: 3.716600 ms)

Prepare: number of updated asset objects reloaded= 0
========================================================================
Received Prepare
AcceleratorClientConnectionCallback - disconnected - :0
Refreshing native plugins compatible for Editor in 3.84 ms, found 5 plugins.
Unloading 65 Unused Serialized files (Serialized files now loaded: 0)
Unloading 10481 unused Assets / (23.9 MB). Loaded Objects now: 11541.
Memory consumption went from 0.52 GB to 506.7 MB.
Total: 54.012500 ms (FindLiveObjects: 1.525200 ms CreateObjectMapping: 1.944700 ms MarkObjects: 36.589900 ms  DeleteObjects: 13.950700 ms)

Prepare: number of updated asset objects reloaded= 0
========================================================================
Received Import Request.
  Time of request: 2026-08-31T22:46:37.6385814Z
  Time since last request: 910.22491579999996 seconds.
  importAddress: GUID: 8af4199a599d0514cba13b1880d1826b - Path: Assets/PlayerInputActions.inputactions - Importer: PreviewImporter
Importing 'GUID: 8af4199a599d0514cba13b1880d1826b - Path: Assets/PlayerInputActions.inputactions - Importer: PreviewImporter' with importer (PreviewImporter)
Imported 'GUID: 8af4199a599d0514cba13b1880d1826b' -> (Import Result ID: '4af27bd75333dbcfc41bee2c741f4889') in 0.137 seconds [static and dynamic dependencies]. Details - ImportResultOutputID=3f7edd87703de7f43080f2245c7def2a DependenciesID=943d0c84f752006db68a4daa99399b94 StaticDependenciesID=a05f0a5ec0e28907fde738d8539f0265 
Number of updated asset objects reloaded before import = 0
Number of asset objects unloaded after import = 4
========================================================================
Received Prepare
AcceleratorClientConnectionCallback - disconnected - :0
[Licensing::Client] Successfully resolved entitlement details
Begin MonoManager ReloadAssembly
Symbol file LoadedFromMemory is not a mono symbol file
Symbol file LoadedFromMemory is not a mono symbol file
Refreshing native plugins compatible for Editor in 4.53 ms, found 5 plugins.
Native extension for WindowsStandalone target not found
Native extension for WebGL target not found
[Package Manager] Failed to launch server process. Reason: Unity was launched with the -noUpm command-line argument
[Package Manager] Unable to send message (not connected to server process).
[Package Manager] Cannot connect to Unity Package Manager local server
Refreshing native plugins compatible for Editor in 7.44 ms, found 5 plugins.
[Package Manager] Failed to launch server process. Reason: Unity was launched with the -noUpm command-line argument
[Package Manager] Unable to send message (not connected to server process).
[Package Manager] Cannot connect to Unity Package Manager local server
[Licensing::Client] Error: Code 404 while processing request (status: Found 0 entitlement groups and 0 free entitlements matching requested entitlement ids)
ScheduleIndexationOnStartup MainProcess:False IndexOnStartup:True
Mono: successfully reloaded assembly
- Finished resetting the current domain, in  2.836 seconds
Domain Reload Profiling: 5811ms
	BeginReloadAssembly (666ms)
		DisableScriptedObjects (16ms)
		CreateAndSetChildDomain (220ms)
	RebuildCommonClasses (14ms)
	RebuildNativeTypeToScriptingClass (24ms)
	initialDomainReloadingComplete (211ms)
	LoadAllAssembliesAndSetupDomain (2060ms)
		LoadAssemblies (1434ms)
		AnalyzeDomain (681ms)
			TypeCache.Refresh (28ms)
			BuildScriptInfoCaches (641ms)
			ResolveRequiredComponents (8ms)
	FinalizeReload (2837ms)
		SetupLoadedEditorAssemblies (0ms)
			InitializePlatformSupportModulesInManaged (3ms)
			BeforeProcessingInitializeOnLoad (204ms)
			ProcessInitializeOnLoadAttributes (1461ms)
			ProcessInitializeOnLoadMethodAttributes (746ms)
			AfterProcessingInitializeOnLoad (15ms)
		AwakeInstancesAfterBackupRestoration (48ms)
Refreshing native plugins compatible for Editor in 5.43 ms, found 5 plugins.
Unloading 65 Unused Serialized files (Serialized files now loaded: 0)
Unloading 10501 unused Assets / (21.7 MB). Loaded Objects now: 11544.
Memory consumption went from 0.51 GB to 497.0 MB.
Total: 40.947500 ms (FindLiveObjects: 2.236300 ms CreateObjectMapping: 2.472500 ms MarkObjects: 23.025800 ms  DeleteObjects: 13.210800 ms)

Prepare: number of updated asset objects reloaded= 0
========================================================================
Received Import Request.
  Time of request: 2026-08-31T22:47:09.6652051Z
  Time since last request: 31.8603004 seconds.
  importAddress: GUID: a123b115cecb73f47a18a5481e9acfce - Path: Assets/PlayerInputActions.cs - Importer: ScriptedImporter/UnityEditor.QuickSearchModule:UnityEditor.Search:ASIAI0B
Importing 'GUID: a123b115cecb73f47a18a5481e9acfce - Path: Assets/PlayerInputActions.cs - Importer: ScriptedImporter/UnityEditor.QuickSearchModule:UnityEditor.Search:ASIAI0B' with importer (ScriptedImporter : UnityEditor.QuickSearchModule:UnityEditor.Search:ASIAI0B)
Imported 'GUID: a123b115cecb73f47a18a5481e9acfce' -> (Import Result ID: 'f64b51567482335c0be6358b767eb30c') in 0.097 seconds [static and dynamic dependencies]. Details - ImportResultOutputID=d93a13d6ab7b4742f06914f830d59af9 DependenciesID=83dcdd01efd33e9642e0ecc5ea519a99 StaticDependenciesID=798470ab2841913f9622717d622ef9fe 
Number of updated asset objects reloaded before import = 0
Number of asset objects unloaded after import = 0
========================================================================
Received Import Request.
  Time of request: 2026-08-31T22:47:09.7825541Z
  Time since last request: 0.0017676 seconds.
  importAddress: GUID: 8af4199a599d0514cba13b1880d1826b - Path: Assets/PlayerInputActions.inputactions - Importer: ScriptedImporter/UnityEditor.QuickSearchModule:UnityEditor.Search:ASIAI0B
Importing 'GUID: 8af4199a599d0514cba13b1880d1826b - Path: Assets/PlayerInputActions.inputactions - Importer: ScriptedImporter/UnityEditor.QuickSearchModule:UnityEditor.Search:ASIAI0B' with importer (ScriptedImporter : UnityEditor.QuickSearchModule:UnityEditor.Search:ASIAI0B)
Imported 'GUID: 8af4199a599d0514cba13b1880d1826b' -> (Import Result ID: '92ddea6322316e287cbb2369617b5d5e') in 0.380 seconds [static and dynamic dependencies]. Details - ImportResultOutputID=12a8c65683f509a46a54defed55d7cff DependenciesID=4d34760990b0b28cf41a4fa054f8a654 StaticDependenciesID=b2987a6ec8039095fd699eb4a1d400be 
Number of updated asset objects reloaded before import = 0
Number of asset objects unloaded after import = 6
========================================================================
Received Prepare
AcceleratorClientConnectionCallback - disconnected - :0
Refreshing native plugins compatible for Editor in 4.36 ms, found 5 plugins.
Unloading 65 Unused Serialized files (Serialized files now loaded: 0)
Unloading 10482 unused Assets / (22.6 MB). Loaded Objects now: 11545.
Memory consumption went from 0.51 GB to 502.3 MB.
Total: 35.310300 ms (FindLiveObjects: 1.503200 ms CreateObjectMapping: 2.019700 ms MarkObjects: 21.785000 ms  DeleteObjects: 10.000300 ms)

Prepare: number of updated asset objects reloaded= 0
========================================================================
Received Import Request.
  Time of request: 2026-08-31T22:47:18.7099736Z
  Time since last request: 8.5324355 seconds.
  importAddress: GUID: ae30ea10ce9953842b3ae8ecc9945dc3 - Path: Assets/Scripts/PlayerLook.cs - Importer: ScriptedImporter/UnityEditor.QuickSearchModule:UnityEditor.Search:ASIAI0B
Importing 'GUID: ae30ea10ce9953842b3ae8ecc9945dc3 - Path: Assets/Scripts/PlayerLook.cs - Importer: ScriptedImporter/UnityEditor.QuickSearchModule:UnityEditor.Search:ASIAI0B' with importer (ScriptedImporter : UnityEditor.QuickSearchModule:UnityEditor.Search:ASIAI0B)
Imported 'GUID: ae30ea10ce9953842b3ae8ecc9945dc3' -> (Import Result ID: 'ab4e2dabbec0ff04bb7bf22276c74ab1') in 0.015 seconds [static and dynamic dependencies]. Details - ImportResultOutputID=8fc8e180b45a53a96ef1e3ddfe994734 DependenciesID=dc0f577d8e4e68cb3659654617b6a228 StaticDependenciesID=f40abba4e24c5fdc930107a0fa20b2b7 
Number of updated asset objects reloaded before import = 0
Number of asset objects unloaded after import = 0
========================================================================
Received Import Request.
  Time of request: 2026-08-31T22:47:18.7942102Z
  Time since last request: 0.0487867 seconds.
  importAddress: GUID: ae30ea10ce9953842b3ae8ecc9945dc3 - Path: Assets/Scripts/PlayerLook.cs - Importer: PreviewImporter
Importing 'GUID: ae30ea10ce9953842b3ae8ecc9945dc3 - Path: Assets/Scripts/PlayerLook.cs - Importer: PreviewImporter' with importer (PreviewImporter)
Imported 'GUID: ae30ea10ce9953842b3ae8ecc9945dc3' -> (Import Result ID: '9751518e11e67fd3b342a4d843c49e71') in 0.003 seconds [static and dynamic dependencies]. Details - ImportResultOutputID=dab4c6bf7290a55fbe2423925183d6f2 DependenciesID=efbe2c4f7e54d4d93b45d150de759fb1 StaticDependenciesID=c79e6f27e81ba53bbe00fc0866b84336 
Number of updated asset objects reloaded before import = 0
Number of asset objects unloaded after import = 0
========================================================================
Received Prepare
AcceleratorClientConnectionCallback - disconnected - :0
Begin MonoManager ReloadAssembly
Symbol file LoadedFromMemory is not a mono symbol file
Symbol file LoadedFromMemory is not a mono symbol file
Refreshing native plugins compatible for Editor in 5.83 ms, found 5 plugins.
Native extension for WindowsStandalone target not found
Native extension for WebGL target not found
[Package Manager] Failed to launch server process. Reason: Unity was launched with the -noUpm command-line argument
[Package Manager] Unable to send message (not connected to server process).
[Package Manager] Cannot connect to Unity Package Manager local server
Refreshing native plugins compatible for Editor in 7.38 ms, found 5 plugins.
[Package Manager] Failed to launch server process. Reason: Unity was launched with the -noUpm command-line argument
[Package Manager] Unable to send message (not connected to server process).
[Package Manager] Cannot connect to Unity Package Manager local server
[Licensing::Client] Error: Code 404 while processing request (status: Found 0 entitlement groups and 0 free entitlements matching requested entitlement ids)
ScheduleIndexationOnStartup MainProcess:False IndexOnStartup:True
Mono: successfully reloaded assembly
- Finished resetting the current domain, in  4.444 seconds
Domain Reload Profiling: 7042ms
	BeginReloadAssembly (511ms)
		DisableScriptedObjects (17ms)
		CreateAndSetChildDomain (196ms)
	RebuildCommonClasses (13ms)
	RebuildNativeTypeToScriptingClass (32ms)
	initialDomainReloadingComplete (199ms)
	LoadAllAssembliesAndSetupDomain (1840ms)
		LoadAssemblies (1020ms)
		AnalyzeDomain (666ms)
			TypeCache.Refresh (28ms)
			BuildScriptInfoCaches (628ms)
			ResolveRequiredComponents (8ms)
	FinalizeReload (4446ms)
		SetupLoadedEditorAssemblies (0ms)
			InitializePlatformSupportModulesInManaged (6ms)
			BeforeProcessingInitializeOnLoad (231ms)
			ProcessInitializeOnLoadAttributes (2303ms)
			ProcessInitializeOnLoadMethodAttributes (1260ms)
			AfterProcessingInitializeOnLoad (22ms)
		AwakeInstancesAfterBackupRestoration (86ms)
Refreshing native plugins compatible for Editor in 11.82 ms, found 5 plugins.
Unloading 65 Unused Serialized files (Serialized files now loaded: 0)
Unloading 10502 unused Assets / (19.7 MB). Loaded Objects now: 11548.
Memory consumption went from 0.51 GB to 506.2 MB.
Total: 63.131600 ms (FindLiveObjects: 4.405100 ms CreateObjectMapping: 5.845000 ms MarkObjects: 36.844000 ms  DeleteObjects: 16.033000 ms)

Prepare: number of updated asset objects reloaded= 0
========================================================================
Received Import Request.
  Time of request: 2026-08-31T22:47:44.4800294Z
  Time since last request: 25.6620377 seconds.
  importAddress: GUID: ae30ea10ce9953842b3ae8ecc9945dc3 - Path: Assets/Scripts/PlayerLook.cs - Importer: PreviewImporter
Importing 'GUID: ae30ea10ce9953842b3ae8ecc9945dc3 - Path: Assets/Scripts/PlayerLook.cs - Importer: PreviewImporter' with importer (PreviewImporter)
Imported 'GUID: ae30ea10ce9953842b3ae8ecc9945dc3' -> (Import Result ID: 'cf4c39ec991386ec074a4d0996ea9107') in 0.040 seconds [static and dynamic dependencies]. Details - ImportResultOutputID=dab4c6bf7290a55fbe2423925183d6f2 DependenciesID=97e42a2ca0666e7f29ecf0e419809bc7 StaticDependenciesID=c79e6f27e81ba53bbe00fc0866b84336 
Number of updated asset objects reloaded before import = 0
Number of asset objects unloaded after import = 0
========================================================================
Received Prepare
AcceleratorClientConnectionCallback - disconnected - :0
[Licensing::Client] Successfully resolved entitlement details
Begin MonoManager ReloadAssembly
Symbol file LoadedFromMemory is not a mono symbol file
Symbol file LoadedFromMemory is not a mono symbol file
Refreshing native plugins compatible for Editor in 14.45 ms, found 5 plugins.
Native extension for WindowsStandalone target not found
Native extension for WebGL target not found
[Package Manager] Failed to launch server process. Reason: Unity was launched with the -noUpm command-line argument
[Package Manager] Unable to send message (not connected to server process).
[Package Manager] Cannot connect to Unity Package Manager local server
Refreshing native plugins compatible for Editor in 14.17 ms, found 5 plugins.
[Package Manager] Failed to launch server process. Reason: Unity was launched with the -noUpm command-line argument
[Package Manager] Unable to send message (not connected to server process).
[Package Manager] Cannot connect to Unity Package Manager local server
[Licensing::Client] Error: Code 404 while processing request (status: Found 0 entitlement groups and 0 free entitlements matching requested entitlement ids)
ScheduleIndexationOnStartup MainProcess:False IndexOnStartup:True
Mono: successfully reloaded assembly
- Finished resetting the current domain, in  3.971 seconds
Domain Reload Profiling: 8448ms
	BeginReloadAssembly (917ms)
		DisableScriptedObjects (55ms)
		CreateAndSetChildDomain (328ms)
	RebuildCommonClasses (18ms)
	RebuildNativeTypeToScriptingClass (26ms)
	initialDomainReloadingComplete (286ms)
	LoadAllAssembliesAndSetupDomain (3229ms)
		LoadAssemblies (2194ms)
		AnalyzeDomain (879ms)
			TypeCache.Refresh (78ms)
			BuildScriptInfoCaches (728ms)
			ResolveRequiredComponents (14ms)
	FinalizeReload (3973ms)
		SetupLoadedEditorAssemblies (0ms)
			InitializePlatformSupportModulesInManaged (4ms)
			BeforeProcessingInitializeOnLoad (236ms)
			ProcessInitializeOnLoadAttributes (2013ms)
			ProcessInitializeOnLoadMethodAttributes (1148ms)
			AfterProcessingInitializeOnLoad (28ms)
			EditorAssembliesLoaded (4ms)
		AwakeInstancesAfterBackupRestoration (75ms)
Refreshing native plugins compatible for Editor in 6.73 ms, found 5 plugins.
Unloading 65 Unused Serialized files (Serialized files now loaded: 0)
Unloading 10502 unused Assets / (20.8 MB). Loaded Objects now: 11551.
Memory consumption went from 0.52 GB to 507.6 MB.
Total: 52.598600 ms (FindLiveObjects: 3.660200 ms CreateObjectMapping: 4.542300 ms MarkObjects: 28.196100 ms  DeleteObjects: 16.195800 ms)

Prepare: number of updated asset objects reloaded= 0
========================================================================
Received Prepare
AcceleratorClientConnectionCallback - disconnected - :0
[Licensing::Client] Successfully resolved entitlement details
Begin MonoManager ReloadAssembly
Symbol file LoadedFromMemory is not a mono symbol file
Symbol file LoadedFromMemory is not a mono symbol file
Refreshing native plugins compatible for Editor in 6.41 ms, found 5 plugins.
Native extension for WindowsStandalone target not found
Native extension for WebGL target not found
[Package Manager] Failed to launch server process. Reason: Unity was launched with the -noUpm command-line argument
[Package Manager] Unable to send message (not connected to server process).
[Package Manager] Cannot connect to Unity Package Manager local server
Refreshing native plugins compatible for Editor in 10.15 ms, found 5 plugins.
[Package Manager] Failed to launch server process. Reason: Unity was launched with the -noUpm command-line argument
[Package Manager] Unable to send message (not connected to server process).
[Package Manager] Cannot connect to Unity Package Manager local server
[Licensing::Client] Error: Code 404 while processing request (status: Found 0 entitlement groups and 0 free entitlements matching requested entitlement ids)
ScheduleIndexationOnStartup MainProcess:False IndexOnStartup:True
Mono: successfully reloaded assembly
- Finished resetting the current domain, in  4.087 seconds
Domain Reload Profiling: 7472ms
	BeginReloadAssembly (563ms)
		DisableScriptedObjects (33ms)
		CreateAndSetChildDomain (178ms)
	RebuildCommonClasses (13ms)
	RebuildNativeTypeToScriptingClass (22ms)
	initialDomainReloadingComplete (211ms)
	LoadAllAssembliesAndSetupDomain (2575ms)
		LoadAssemblies (2407ms)
		AnalyzeDomain (60ms)
			TypeCache.Refresh (22ms)
			ResolveRequiredComponents (23ms)
	FinalizeReload (4088ms)
		SetupLoadedEditorAssemblies (0ms)
			InitializePlatformSupportModulesInManaged (4ms)
			BeforeProcessingInitializeOnLoad (322ms)
			ProcessInitializeOnLoadAttributes (1976ms)
			ProcessInitializeOnLoadMethodAttributes (1081ms)
			AfterProcessingInitializeOnLoad (37ms)
		AwakeInstancesAfterBackupRestoration (86ms)
Refreshing native plugins compatible for Editor in 13.32 ms, found 5 plugins.
Unloading 65 Unused Serialized files (Serialized files now loaded: 0)
Unloading 10502 unused Assets / (24.4 MB). Loaded Objects now: 11554.
Memory consumption went from 0.52 GB to 505.7 MB.
Total: 78.534000 ms (FindLiveObjects: 3.828300 ms CreateObjectMapping: 5.224100 ms MarkObjects: 48.757300 ms  DeleteObjects: 20.719100 ms)

Prepare: number of updated asset objects reloaded= 0
========================================================================
Received Prepare
AcceleratorClientConnectionCallback - disconnected - :0
Begin MonoManager ReloadAssembly
Symbol file LoadedFromMemory is not a mono symbol file
Symbol file LoadedFromMemory is not a mono symbol file
Refreshing native plugins compatible for Editor in 6.62 ms, found 5 plugins.
Native extension for WindowsStandalone target not found
Native extension for WebGL target not found
[Package Manager] Failed to launch server process. Reason: Unity was launched with the -noUpm command-line argument
[Package Manager] Unable to send message (not connected to server process).
[Package Manager] Cannot connect to Unity Package Manager local server
Refreshing native plugins compatible for Editor in 13.34 ms, found 5 plugins.
[Package Manager] Failed to launch server process. Reason: Unity was launched with the -noUpm command-line argument
[Package Manager] Unable to send message (not connected to server process).
[Package Manager] Cannot connect to Unity Package Manager local server
[Licensing::Client] Error: Code 404 while processing request (status: Found 0 entitlement groups and 0 free entitlements matching requested entitlement ids)
ScheduleIndexationOnStartup MainProcess:False IndexOnStartup:True
Mono: successfully reloaded assembly
- Finished resetting the current domain, in  3.099 seconds
Domain Reload Profiling: 4758ms
	BeginReloadAssembly (399ms)
		DisableScriptedObjects (14ms)
		CreateAndSetChildDomain (129ms)
	RebuildCommonClasses (12ms)
	RebuildNativeTypeToScriptingClass (23ms)
	initialDomainReloadingComplete (157ms)
	LoadAllAssembliesAndSetupDomain (1065ms)
		LoadAssemblies (901ms)
		AnalyzeDomain (33ms)
			TypeCache.Refresh (17ms)
			ResolveRequiredComponents (9ms)
	FinalizeReload (3102ms)
		SetupLoadedEditorAssemblies (0ms)
			InitializePlatformSupportModulesInManaged (4ms)
			BeforeProcessingInitializeOnLoad (233ms)
			ProcessInitializeOnLoadAttributes (1509ms)
			ProcessInitializeOnLoadMethodAttributes (886ms)
			AfterProcessingInitializeOnLoad (19ms)
		AwakeInstancesAfterBackupRestoration (49ms)
Refreshing native plugins compatible for Editor in 7.51 ms, found 5 plugins.
Unloading 65 Unused Serialized files (Serialized files now loaded: 0)
Unloading 10502 unused Assets / (24.7 MB). Loaded Objects now: 11557.
Memory consumption went from 0.52 GB to 508.0 MB.
Total: 56.691500 ms (FindLiveObjects: 2.946900 ms CreateObjectMapping: 2.885800 ms MarkObjects: 31.164300 ms  DeleteObjects: 19.691800 ms)

Prepare: number of updated asset objects reloaded= 0
========================================================================
Received Prepare
AcceleratorClientConnectionCallback - disconnected - :0
[Licensing::Client] Successfully resolved entitlement details
Begin MonoManager ReloadAssembly
Symbol file LoadedFromMemory is not a mono symbol file
Symbol file LoadedFromMemory is not a mono symbol file
Refreshing native plugins compatible for Editor in 5.03 ms, found 5 plugins.
Native extension for WindowsStandalone target not found
Native extension for WebGL target not found
[Package Manager] Failed to launch server process. Reason: Unity was launched with the -noUpm command-line argument
[Package Manager] Unable to send message (not connected to server process).
[Package Manager] Cannot connect to Unity Package Manager local server
Refreshing native plugins compatible for Editor in 9.04 ms, found 5 plugins.
[Package Manager] Failed to launch server process. Reason: Unity was launched with the -noUpm command-line argument
[Package Manager] Unable to send message (not connected to server process).
[Package Manager] Cannot connect to Unity Package Manager local server
[Licensing::Client] Error: Code 404 while processing request (status: Found 0 entitlement groups and 0 free entitlements matching requested entitlement ids)
ScheduleIndexationOnStartup MainProcess:False IndexOnStartup:True
Mono: successfully reloaded assembly
- Finished resetting the current domain, in  2.898 seconds
Domain Reload Profiling: 4425ms
	BeginReloadAssembly (423ms)
		DisableScriptedObjects (18ms)
		CreateAndSetChildDomain (134ms)
	RebuildCommonClasses (13ms)
	RebuildNativeTypeToScriptingClass (23ms)
	initialDomainReloadingComplete (164ms)
	LoadAllAssembliesAndSetupDomain (902ms)
		LoadAssemblies (779ms)
		AnalyzeDomain (26ms)
			TypeCache.Refresh (13ms)
			ResolveRequiredComponents (7ms)
	FinalizeReload (2900ms)
		SetupLoadedEditorAssemblies (0ms)
			InitializePlatformSupportModulesInManaged (3ms)
			BeforeProcessingInitializeOnLoad (206ms)
			ProcessInitializeOnLoadAttributes (1342ms)
			ProcessInitializeOnLoadMethodAttributes (911ms)
			AfterProcessingInitializeOnLoad (20ms)
		AwakeInstancesAfterBackupRestoration (50ms)
Refreshing native plugins compatible for Editor in 9.51 ms, found 5 plugins.
Unloading 65 Unused Serialized files (Serialized files now loaded: 0)
Unloading 10502 unused Assets / (25.7 MB). Loaded Objects now: 11560.
Memory consumption went from 0.52 GB to 509.6 MB.
Total: 63.584500 ms (FindLiveObjects: 2.353600 ms CreateObjectMapping: 3.291500 ms MarkObjects: 36.186600 ms  DeleteObjects: 21.748700 ms)

Prepare: number of updated asset objects reloaded= 0
========================================================================
Received Prepare
AcceleratorClientConnectionCallback - disconnected - :0
[Licensing::Client] Successfully resolved entitlement details
Begin MonoManager ReloadAssembly
Symbol file LoadedFromMemory is not a mono symbol file
Symbol file LoadedFromMemory is not a mono symbol file
Refreshing native plugins compatible for Editor in 7.52 ms, found 5 plugins.
Native extension for WindowsStandalone target not found
Native extension for WebGL target not found
[Package Manager] Failed to launch server process. Reason: Unity was launched with the -noUpm command-line argument
[Package Manager] Unable to send message (not connected to server process).
[Package Manager] Cannot connect to Unity Package Manager local server
Refreshing native plugins compatible for Editor in 5.08 ms, found 5 plugins.
[Package Manager] Failed to launch server process. Reason: Unity was launched with the -noUpm command-line argument
[Package Manager] Unable to send message (not connected to server process).
[Package Manager] Cannot connect to Unity Package Manager local server
[Licensing::Client] Error: Code 404 while processing request (status: Found 0 entitlement groups and 0 free entitlements matching requested entitlement ids)
ScheduleIndexationOnStartup MainProcess:False IndexOnStartup:True
Mono: successfully reloaded assembly
- Finished resetting the current domain, in  2.799 seconds
Domain Reload Profiling: 5178ms
	BeginReloadAssembly (448ms)
		DisableScriptedObjects (15ms)
		CreateAndSetChildDomain (153ms)
	RebuildCommonClasses (14ms)
	RebuildNativeTypeToScriptingClass (28ms)
	initialDomainReloadingComplete (198ms)
	LoadAllAssembliesAndSetupDomain (1690ms)
		LoadAssemblies (923ms)
		AnalyzeDomain (661ms)
			TypeCache.Refresh (30ms)
			BuildScriptInfoCaches (620ms)
			ResolveRequiredComponents (8ms)
	FinalizeReload (2800ms)
		SetupLoadedEditorAssemblies (0ms)
			InitializePlatformSupportModulesInManaged (3ms)
			BeforeProcessingInitializeOnLoad (209ms)
			ProcessInitializeOnLoadAttributes (1224ms)
			ProcessInitializeOnLoadMethodAttributes (866ms)
			AfterProcessingInitializeOnLoad (16ms)
		AwakeInstancesAfterBackupRestoration (50ms)
Refreshing native plugins compatible for Editor in 9.02 ms, found 5 plugins.
Unloading 65 Unused Serialized files (Serialized files now loaded: 0)
Unloading 10502 unused Assets / (24.9 MB). Loaded Objects now: 11563.
Memory consumption went from 0.53 GB to 0.50 GB.
Total: 38.769400 ms (FindLiveObjects: 1.531100 ms CreateObjectMapping: 2.539500 ms MarkObjects: 21.217500 ms  DeleteObjects: 13.479100 ms)

Prepare: number of updated asset objects reloaded= 0
========================================================================
Received Prepare
AcceleratorClientConnectionCallback - disconnected - :0
Begin MonoManager ReloadAssembly
Symbol file LoadedFromMemory is not a mono symbol file
Symbol file LoadedFromMemory is not a mono symbol file
Refreshing native plugins compatible for Editor in 4.22 ms, found 5 plugins.
Native extension for WindowsStandalone target not found
Native extension for WebGL target not found
[Package Manager] Failed to launch server process. Reason: Unity was launched with the -noUpm command-line argument
[Package Manager] Unable to send message (not connected to server process).
[Package Manager] Cannot connect to Unity Package Manager local server
Refreshing native plugins compatible for Editor in 5.50 ms, found 5 plugins.
[Package Manager] Failed to launch server process. Reason: Unity was launched with the -noUpm command-line argument
[Package Manager] Unable to send message (not connected to server process).
[Package Manager] Cannot connect to Unity Package Manager local server
[Licensing::Client] Error: Code 404 while processing request (status: Found 0 entitlement groups and 0 free entitlements matching requested entitlement ids)
ScheduleIndexationOnStartup MainProcess:False IndexOnStartup:True
Mono: successfully reloaded assembly
- Finished resetting the current domain, in  2.457 seconds
Domain Reload Profiling: 3963ms
	BeginReloadAssembly (444ms)
		DisableScriptedObjects (25ms)
		CreateAndSetChildDomain (157ms)
	RebuildCommonClasses (12ms)
	RebuildNativeTypeToScriptingClass (25ms)
	initialDomainReloadingComplete (147ms)
	LoadAllAssembliesAndSetupDomain (875ms)
		LoadAssemblies (762ms)
		AnalyzeDomain (30ms)
			TypeCache.Refresh (14ms)
			ResolveRequiredComponents (10ms)
	FinalizeReload (2459ms)
		SetupLoadedEditorAssemblies (0ms)
			InitializePlatformSupportModulesInManaged (3ms)
			BeforeProcessingInitializeOnLoad (180ms)
			ProcessInitializeOnLoadAttributes (1151ms)
			ProcessInitializeOnLoadMethodAttributes (735ms)
			AfterProcessingInitializeOnLoad (16ms)
		AwakeInstancesAfterBackupRestoration (46ms)
Refreshing native plugins compatible for Editor in 7.77 ms, found 5 plugins.
Unloading 65 Unused Serialized files (Serialized files now loaded: 0)
Unloading 10502 unused Assets / (24.4 MB). Loaded Objects now: 11566.
Memory consumption went from 0.53 GB to 0.51 GB.
Total: 63.532700 ms (FindLiveObjects: 4.853000 ms CreateObjectMapping: 6.174300 ms MarkObjects: 34.739200 ms  DeleteObjects: 17.763200 ms)

Prepare: number of updated asset objects reloaded= 0
========================================================================
Received Prepare
AcceleratorClientConnectionCallback - disconnected - :0
[Licensing::Client] Successfully resolved entitlement details
Begin MonoManager ReloadAssembly
Symbol file LoadedFromMemory is not a mono symbol file
Symbol file LoadedFromMemory is not a mono symbol file
Refreshing native plugins compatible for Editor in 7.82 ms, found 5 plugins.
Native extension for WindowsStandalone target not found
Native extension for WebGL target not found
[Package Manager] Failed to launch server process. Reason: Unity was launched with the -noUpm command-line argument
[Package Manager] Unable to send message (not connected to server process).
[Package Manager] Cannot connect to Unity Package Manager local server
Refreshing native plugins compatible for Editor in 8.76 ms, found 5 plugins.
[Package Manager] Failed to launch server process. Reason: Unity was launched with the -noUpm command-line argument
[Package Manager] Unable to send message (not connected to server process).
[Package Manager] Cannot connect to Unity Package Manager local server
[Licensing::Client] Error: Code 404 while processing request (status: Found 0 entitlement groups and 0 free entitlements matching requested entitlement ids)
ScheduleIndexationOnStartup MainProcess:False IndexOnStartup:True
Mono: successfully reloaded assembly
- Finished resetting the current domain, in  3.410 seconds
Domain Reload Profiling: 5138ms
	BeginReloadAssembly (430ms)
		DisableScriptedObjects (14ms)
		CreateAndSetChildDomain (155ms)
	RebuildCommonClasses (12ms)
	RebuildNativeTypeToScriptingClass (23ms)
	initialDomainReloadingComplete (168ms)
	LoadAllAssembliesAndSetupDomain (1093ms)
		LoadAssemblies (891ms)
		AnalyzeDomain (30ms)
			TypeCache.Refresh (14ms)
			ResolveRequiredComponents (10ms)
	FinalizeReload (3412ms)
		SetupLoadedEditorAssemblies (0ms)
			InitializePlatformSupportModulesInManaged (4ms)
			BeforeProcessingInitializeOnLoad (249ms)
			ProcessInitializeOnLoadAttributes (1604ms)
			ProcessInitializeOnLoadMethodAttributes (1007ms)
			AfterProcessingInitializeOnLoad (20ms)
		AwakeInstancesAfterBackupRestoration (65ms)
Refreshing native plugins compatible for Editor in 13.43 ms, found 5 plugins.
Unloading 65 Unused Serialized files (Serialized files now loaded: 0)
Unloading 10502 unused Assets / (23.2 MB). Loaded Objects now: 11569.
Memory consumption went from 0.53 GB to 0.51 GB.
Total: 81.317300 ms (FindLiveObjects: 3.040100 ms CreateObjectMapping: 4.247100 ms MarkObjects: 52.085100 ms  DeleteObjects: 21.941100 ms)

Prepare: number of updated asset objects reloaded= 0
========================================================================
Received Prepare
AcceleratorClientConnectionCallback - disconnected - :0
Begin MonoManager ReloadAssembly
Symbol file LoadedFromMemory is not a mono symbol file
Symbol file LoadedFromMemory is not a mono symbol file
Refreshing native plugins compatible for Editor in 3.94 ms, found 5 plugins.
Native extension for WindowsStandalone target not found
Native extension for WebGL target not found
[Package Manager] Failed to launch server process. Reason: Unity was launched with the -noUpm command-line argument
[Package Manager] Unable to send message (not connected to server process).
[Package Manager] Cannot connect to Unity Package Manager local server
Refreshing native plugins compatible for Editor in 8.20 ms, found 5 plugins.
[Package Manager] Failed to launch server process. Reason: Unity was launched with the -noUpm command-line argument
[Package Manager] Unable to send message (not connected to server process).
[Package Manager] Cannot connect to Unity Package Manager local server
[Licensing::Client] Error: Code 404 while processing request (status: Found 0 entitlement groups and 0 free entitlements matching requested entitlement ids)
ScheduleIndexationOnStartup MainProcess:False IndexOnStartup:True
Mono: successfully reloaded assembly
- Finished resetting the current domain, in  3.185 seconds
Domain Reload Profiling: 4802ms
	BeginReloadAssembly (453ms)
		DisableScriptedObjects (14ms)
		CreateAndSetChildDomain (150ms)
	RebuildCommonClasses (15ms)
	RebuildNativeTypeToScriptingClass (25ms)
	initialDomainReloadingComplete (175ms)
	LoadAllAssembliesAndSetupDomain (947ms)
		LoadAssemblies (816ms)
		AnalyzeDomain (27ms)
			TypeCache.Refresh (13ms)
			ResolveRequiredComponents (8ms)
	FinalizeReload (3188ms)
		SetupLoadedEditorAssemblies (0ms)
			InitializePlatformSupportModulesInManaged (3ms)
			BeforeProcessingInitializeOnLoad (230ms)
			ProcessInitializeOnLoadAttributes (1418ms)
			ProcessInitializeOnLoadMethodAttributes (1069ms)
			AfterProcessingInitializeOnLoad (20ms)
		AwakeInstancesAfterBackupRestoration (68ms)
Refreshing native plugins compatible for Editor in 8.81 ms, found 5 plugins.
Unloading 65 Unused Serialized files (Serialized files now loaded: 0)
Unloading 10502 unused Assets / (24.0 MB). Loaded Objects now: 11572.
Memory consumption went from 0.54 GB to 0.51 GB.
Total: 58.385000 ms (FindLiveObjects: 2.530600 ms CreateObjectMapping: 2.949400 ms MarkObjects: 35.376100 ms  DeleteObjects: 17.525200 ms)

Prepare: number of updated asset objects reloaded= 0
========================================================================
Received Prepare
AcceleratorClientConnectionCallback - disconnected - :0
[Licensing::Client] Successfully resolved entitlement details
Begin MonoManager ReloadAssembly
[Pipeline] Failed to persist console log buffer: Sharing violation on path C:\Users\Keven\My project\Temp\pipeline_console_log.json
UnityEngine.Debug:ExtractStackTraceNoAlloc (byte*,int,string)
UnityEngine.StackTraceUtility:ExtractStackTrace ()
UnityEngine.DebugLogHandler:Internal_Log (UnityEngine.LogType,UnityEngine.LogOption,string,UnityEngine.Object)
UnityEngine.DebugLogHandler:LogFormat (UnityEngine.LogType,UnityEngine.Object,string,object[])
UnityEngine.Logger:Log (UnityEngine.LogType,object)
UnityEngine.Debug:LogWarning (object)
Unity.Pipeline.Console.ConsoleLogBuffer:Save (string) (at ./Library/PackageCache/com.unity.pipeline@24975d51528a/Runtime/Console/ConsoleLogBuffer.cs:191)
Unity.Pipeline.Editor.Console.EditorConsoleCaptureBootstrap:Persist () (at ./Library/PackageCache/com.unity.pipeline@24975d51528a/Editor/Console/EditorConsoleCaptureBootstrap.cs:47)
UnityEditor.AssemblyReloadEvents:OnBeforeAssemblyReload ()

(Filename: ./Library/PackageCache/com.unity.pipeline@24975d51528a/Runtime/Console/ConsoleLogBuffer.cs Line: 191)

Symbol file LoadedFromMemory is not a mono symbol file
Symbol file LoadedFromMemory is not a mono symbol file
Refreshing native plugins compatible for Editor in 5.26 ms, found 5 plugins.
Native extension for WindowsStandalone target not found
Native extension for WebGL target not found
[Package Manager] Failed to launch server process. Reason: Unity was launched with the -noUpm command-line argument
[Package Manager] Unable to send message (not connected to server process).
[Package Manager] Cannot connect to Unity Package Manager local server
Refreshing native plugins compatible for Editor in 8.41 ms, found 5 plugins.
[Package Manager] Failed to launch server process. Reason: Unity was launched with the -noUpm command-line argument
[Package Manager] Unable to send message (not connected to server process).
[Package Manager] Cannot connect to Unity Package Manager local server
[Licensing::Client] Error: Code 404 while processing request (status: Found 0 entitlement groups and 0 free entitlements matching requested entitlement ids)
ScheduleIndexationOnStartup MainProcess:False IndexOnStartup:True
Mono: successfully reloaded assembly
- Finished resetting the current domain, in  2.836 seconds
Domain Reload Profiling: 4383ms
	BeginReloadAssembly (425ms)
		DisableScriptedObjects (29ms)
		CreateAndSetChildDomain (136ms)
	RebuildCommonClasses (12ms)
	RebuildNativeTypeToScriptingClass (21ms)
	initialDomainReloadingComplete (166ms)
	LoadAllAssembliesAndSetupDomain (920ms)
		LoadAssemblies (768ms)
		AnalyzeDomain (29ms)
			TypeCache.Refresh (14ms)
			ResolveRequiredComponents (8ms)
	FinalizeReload (2839ms)
		SetupLoadedEditorAssemblies (0ms)
			InitializePlatformSupportModulesInManaged (3ms)
			BeforeProcessingInitializeOnLoad (198ms)
			ProcessInitializeOnLoadAttributes (1345ms)
			ProcessInitializeOnLoadMethodAttributes (826ms)
			AfterProcessingInitializeOnLoad (29ms)
		AwakeInstancesAfterBackupRestoration (73ms)
Refreshing native plugins compatible for Editor in 7.93 ms, found 5 plugins.
Unloading 65 Unused Serialized files (Serialized files now loaded: 0)
Unloading 10502 unused Assets / (24.1 MB). Loaded Objects now: 11575.
Memory consumption went from 0.54 GB to 0.52 GB.
Total: 51.255400 ms (FindLiveObjects: 2.738500 ms CreateObjectMapping: 3.446700 ms MarkObjects: 29.826900 ms  DeleteObjects: 15.239300 ms)

Prepare: number of updated asset objects reloaded= 0
========================================================================
Received Prepare
AcceleratorClientConnectionCallback - disconnected - :0
[Licensing::Client] Successfully resolved entitlement details
Begin MonoManager ReloadAssembly
Symbol file LoadedFromMemory is not a mono symbol file
Symbol file LoadedFromMemory is not a mono symbol file
Refreshing native plugins compatible for Editor in 6.40 ms, found 5 plugins.
Native extension for WindowsStandalone target not found
Native extension for WebGL target not found
[Package Manager] Failed to launch server process. Reason: Unity was launched with the -noUpm command-line argument
[Package Manager] Unable to send message (not connected to server process).
[Package Manager] Cannot connect to Unity Package Manager local server
Refreshing native plugins compatible for Editor in 8.82 ms, found 5 plugins.
[Package Manager] Failed to launch server process. Reason: Unity was launched with the -noUpm command-line argument
[Package Manager] Unable to send message (not connected to server process).
[Package Manager] Cannot connect to Unity Package Manager local server
[Licensing::Client] Error: Code 404 while processing request (status: Found 0 entitlement groups and 0 free entitlements matching requested entitlement ids)
ScheduleIndexationOnStartup MainProcess:False IndexOnStartup:True
Mono: successfully reloaded assembly
- Finished resetting the current domain, in  2.970 seconds
Domain Reload Profiling: 4746ms
	BeginReloadAssembly (504ms)
		DisableScriptedObjects (16ms)
		CreateAndSetChildDomain (186ms)
	RebuildCommonClasses (14ms)
	RebuildNativeTypeToScriptingClass (24ms)
	initialDomainReloadingComplete (172ms)
	LoadAllAssembliesAndSetupDomain (1060ms)
		LoadAssemblies (922ms)
		AnalyzeDomain (31ms)
			TypeCache.Refresh (15ms)
			ResolveRequiredComponents (8ms)
	FinalizeReload (2972ms)
		SetupLoadedEditorAssemblies (0ms)
			InitializePlatformSupportModulesInManaged (3ms)
			BeforeProcessingInitializeOnLoad (202ms)
			ProcessInitializeOnLoadAttributes (1371ms)
			ProcessInitializeOnLoadMethodAttributes (926ms)
			AfterProcessingInitializeOnLoad (16ms)
		AwakeInstancesAfterBackupRestoration (71ms)
Refreshing native plugins compatible for Editor in 12.77 ms, found 5 plugins.
Unloading 65 Unused Serialized files (Serialized files now loaded: 0)
Unloading 10502 unused Assets / (23.9 MB). Loaded Objects now: 11578.
Memory consumption went from 0.54 GB to 0.52 GB.
Total: 65.235600 ms (FindLiveObjects: 2.742000 ms CreateObjectMapping: 5.934000 ms MarkObjects: 35.510100 ms  DeleteObjects: 21.046700 ms)

Prepare: number of updated asset objects reloaded= 0
========================================================================
Received Prepare
AcceleratorClientConnectionCallback - disconnected - :0
[Licensing::Client] Successfully resolved entitlement details
Begin MonoManager ReloadAssembly
Symbol file LoadedFromMemory is not a mono symbol file
Symbol file LoadedFromMemory is not a mono symbol file
Refreshing native plugins compatible for Editor in 5.12 ms, found 5 plugins.
Native extension for WindowsStandalone target not found
Native extension for WebGL target not found
[Package Manager] Failed to launch server process. Reason: Unity was launched with the -noUpm command-line argument
[Package Manager] Unable to send message (not connected to server process).
[Package Manager] Cannot connect to Unity Package Manager local server
Refreshing native plugins compatible for Editor in 8.23 ms, found 5 plugins.
[Package Manager] Failed to launch server process. Reason: Unity was launched with the -noUpm command-line argument
[Package Manager] Unable to send message (not connected to server process).
[Package Manager] Cannot connect to Unity Package Manager local server
[Licensing::Client] Error: Code 404 while processing request (status: Found 0 entitlement groups and 0 free entitlements matching requested entitlement ids)
ScheduleIndexationOnStartup MainProcess:False IndexOnStartup:True
Mono: successfully reloaded assembly
- Finished resetting the current domain, in  3.114 seconds
Domain Reload Profiling: 5890ms
	BeginReloadAssembly (634ms)
		DisableScriptedObjects (29ms)
		CreateAndSetChildDomain (213ms)
	RebuildCommonClasses (23ms)
	RebuildNativeTypeToScriptingClass (42ms)
	initialDomainReloadingComplete (226ms)
	LoadAllAssembliesAndSetupDomain (1850ms)
		LoadAssemblies (1161ms)
		AnalyzeDomain (678ms)
			TypeCache.Refresh (24ms)
			BuildScriptInfoCaches (643ms)
			ResolveRequiredComponents (7ms)
	FinalizeReload (3115ms)
		SetupLoadedEditorAssemblies (0ms)
			InitializePlatformSupportModulesInManaged (3ms)
			BeforeProcessingInitializeOnLoad (229ms)
			ProcessInitializeOnLoadAttributes (1610ms)
			ProcessInitializeOnLoadMethodAttributes (789ms)
			AfterProcessingInitializeOnLoad (19ms)
		AwakeInstancesAfterBackupRestoration (53ms)
Refreshing native plugins compatible for Editor in 5.94 ms, found 5 plugins.
Unloading 65 Unused Serialized files (Serialized files now loaded: 0)
Unloading 10502 unused Assets / (23.5 MB). Loaded Objects now: 11581.
Memory consumption went from 0.55 GB to 0.53 GB.
Total: 44.569300 ms (FindLiveObjects: 2.195500 ms CreateObjectMapping: 2.638600 ms MarkObjects: 25.725300 ms  DeleteObjects: 13.701700 ms)

Prepare: number of updated asset objects reloaded= 0
========================================================================
Received Prepare
AcceleratorClientConnectionCallback - disconnected - :0
Begin MonoManager ReloadAssembly
Symbol file LoadedFromMemory is not a mono symbol file
Symbol file LoadedFromMemory is not a mono symbol file
Refreshing native plugins compatible for Editor in 4.65 ms, found 5 plugins.
Native extension for WindowsStandalone target not found
Native extension for WebGL target not found
[Package Manager] Failed to launch server process. Reason: Unity was launched with the -noUpm command-line argument
[Package Manager] Unable to send message (not connected to server process).
[Package Manager] Cannot connect to Unity Package Manager local server
Refreshing native plugins compatible for Editor in 8.03 ms, found 5 plugins.
[Package Manager] Failed to launch server process. Reason: Unity was launched with the -noUpm command-line argument
[Package Manager] Unable to send message (not connected to server process).
[Package Manager] Cannot connect to Unity Package Manager local server
[Licensing::Client] Error: Code 404 while processing request (status: Found 0 entitlement groups and 0 free entitlements matching requested entitlement ids)
ScheduleIndexationOnStartup MainProcess:False IndexOnStartup:True
Mono: successfully reloaded assembly
- Finished resetting the current domain, in  3.298 seconds
Domain Reload Profiling: 4977ms
	BeginReloadAssembly (506ms)
		DisableScriptedObjects (19ms)
		CreateAndSetChildDomain (182ms)
	RebuildCommonClasses (16ms)
	RebuildNativeTypeToScriptingClass (24ms)
	initialDomainReloadingComplete (168ms)
	LoadAllAssembliesAndSetupDomain (961ms)
		LoadAssemblies (826ms)
		AnalyzeDomain (31ms)
			TypeCache.Refresh (17ms)
			ResolveRequiredComponents (8ms)
	FinalizeReload (3302ms)
		SetupLoadedEditorAssemblies (0ms)
			InitializePlatformSupportModulesInManaged (3ms)
			BeforeProcessingInitializeOnLoad (219ms)
			ProcessInitializeOnLoadAttributes (1616ms)
			ProcessInitializeOnLoadMethodAttributes (959ms)
			AfterProcessingInitializeOnLoad (20ms)
		AwakeInstancesAfterBackupRestoration (63ms)
Refreshing native plugins compatible for Editor in 8.55 ms, found 5 plugins.
Unloading 65 Unused Serialized files (Serialized files now loaded: 0)
Unloading 10502 unused Assets / (23.5 MB). Loaded Objects now: 11584.
Memory consumption went from 0.55 GB to 0.53 GB.
Total: 56.895900 ms (FindLiveObjects: 3.024400 ms CreateObjectMapping: 3.690500 ms MarkObjects: 34.464600 ms  DeleteObjects: 15.713700 ms)

Prepare: number of updated asset objects reloaded= 0
========================================================================
Received Prepare
AcceleratorClientConnectionCallback - disconnected - :0
[Licensing::Client] Successfully resolved entitlement details
Begin MonoManager ReloadAssembly
Symbol file LoadedFromMemory is not a mono symbol file
Symbol file LoadedFromMemory is not a mono symbol file
Refreshing native plugins compatible for Editor in 5.96 ms, found 5 plugins.
Native extension for WindowsStandalone target not found
Native extension for WebGL target not found
[Package Manager] Failed to launch server process. Reason: Unity was launched with the -noUpm command-line argument
[Package Manager] Unable to send message (not connected to server process).
[Package Manager] Cannot connect to Unity Package Manager local server
Refreshing native plugins compatible for Editor in 8.01 ms, found 5 plugins.
[Package Manager] Failed to launch server process. Reason: Unity was launched with the -noUpm command-line argument
[Package Manager] Unable to send message (not connected to server process).
[Package Manager] Cannot connect to Unity Package Manager local server
[Licensing::Client] Error: Code 404 while processing request (status: Found 0 entitlement groups and 0 free entitlements matching requested entitlement ids)
ScheduleIndexationOnStartup MainProcess:False IndexOnStartup:True
Mono: successfully reloaded assembly
- Finished resetting the current domain, in  3.209 seconds
Domain Reload Profiling: 4897ms
	BeginReloadAssembly (490ms)
		DisableScriptedObjects (14ms)
		CreateAndSetChildDomain (154ms)
	RebuildCommonClasses (14ms)
	RebuildNativeTypeToScriptingClass (26ms)
	initialDomainReloadingComplete (152ms)
	LoadAllAssembliesAndSetupDomain (1004ms)
		LoadAssemblies (877ms)
		AnalyzeDomain (31ms)
			TypeCache.Refresh (15ms)
			ResolveRequiredComponents (8ms)
	FinalizeReload (3210ms)
		SetupLoadedEditorAssemblies (0ms)
			InitializePlatformSupportModulesInManaged (3ms)
			BeforeProcessingInitializeOnLoad (213ms)
			ProcessInitializeOnLoadAttributes (1591ms)
			ProcessInitializeOnLoadMethodAttributes (900ms)
			AfterProcessingInitializeOnLoad (17ms)
		AwakeInstancesAfterBackupRestoration (52ms)
Refreshing native plugins compatible for Editor in 7.13 ms, found 5 plugins.
Unloading 65 Unused Serialized files (Serialized files now loaded: 0)
Unloading 10502 unused Assets / (23.8 MB). Loaded Objects now: 11587.
Memory consumption went from 0.55 GB to 0.53 GB.
Total: 57.403100 ms (FindLiveObjects: 2.967300 ms CreateObjectMapping: 3.525300 ms MarkObjects: 30.788900 ms  DeleteObjects: 20.118900 ms)

Prepare: number of updated asset objects reloaded= 0
========================================================================
Received Prepare
AcceleratorClientConnectionCallback - disconnected - :0
Refreshing native plugins compatible for Editor in 5.18 ms, found 5 plugins.
Unloading 65 Unused Serialized files (Serialized files now loaded: 0)
Unloading 65 unused Assets / (13.7 MB). Loaded Objects now: 11587.
Memory consumption went from 0.55 GB to 0.54 GB.
Total: 29.052900 ms (FindLiveObjects: 1.453500 ms CreateObjectMapping: 1.134700 ms MarkObjects: 22.759000 ms  DeleteObjects: 3.702900 ms)

Prepare: number of updated asset objects reloaded= 0
========================================================================
Received Prepare
AcceleratorClientConnectionCallback - disconnected - :0
Refreshing native plugins compatible for Editor in 4.41 ms, found 5 plugins.
Unloading 65 Unused Serialized files (Serialized files now loaded: 0)
Unloading 10482 unused Assets / (24.4 MB). Loaded Objects now: 11587.
Memory consumption went from 0.56 GB to 0.54 GB.
Total: 38.964000 ms (FindLiveObjects: 2.252100 ms CreateObjectMapping: 2.228900 ms MarkObjects: 21.383500 ms  DeleteObjects: 13.097800 ms)

Prepare: number of updated asset objects reloaded= 0
========================================================================
Received Import Request.
  Time of request: 2026-08-31T23:09:41.7088862Z
  Time since last request: 1317.15466910000009 seconds.
  importAddress: GUID: 8af4199a599d0514cba13b1880d1826b - Path: Assets/PlayerInputActions.inputactions - Importer: PreviewImporter
Importing 'GUID: 8af4199a599d0514cba13b1880d1826b - Path: Assets/PlayerInputActions.inputactions - Importer: PreviewImporter' with importer (PreviewImporter)
Imported 'GUID: 8af4199a599d0514cba13b1880d1826b' -> (Import Result ID: '2efaa5e1298e6152b6c0d25a558c6b6e') in 0.385 seconds [static and dynamic dependencies]. Details - ImportResultOutputID=3f7edd87703de7f43080f2245c7def2a DependenciesID=973a841294fe7601a376cde56d94b9ef StaticDependenciesID=afe8d83ca93cb506e9f9acc2c28ba8d2 
Number of updated asset objects reloaded before import = 0
Number of asset objects unloaded after import = 4
========================================================================
Received Prepare
AcceleratorClientConnectionCallback - disconnected - :0
[Licensing::Client] Successfully resolved entitlement details
Begin MonoManager ReloadAssembly
Symbol file LoadedFromMemory is not a mono symbol file
Symbol file LoadedFromMemory is not a mono symbol file
Refreshing native plugins compatible for Editor in 4.85 ms, found 5 plugins.
Native extension for WindowsStandalone target not found
Native extension for WebGL target not found
[Package Manager] Failed to launch server process. Reason: Unity was launched with the -noUpm command-line argument
[Package Manager] Unable to send message (not connected to server process).
[Package Manager] Cannot connect to Unity Package Manager local server
Refreshing native plugins compatible for Editor in 6.03 ms, found 5 plugins.
[Package Manager] Failed to launch server process. Reason: Unity was launched with the -noUpm command-line argument
[Package Manager] Unable to send message (not connected to server process).
[Package Manager] Cannot connect to Unity Package Manager local server
[Licensing::Client] Error: Code 404 while processing request (status: Found 0 entitlement groups and 0 free entitlements matching requested entitlement ids)
ScheduleIndexationOnStartup MainProcess:False IndexOnStartup:True
Mono: successfully reloaded assembly
- Finished resetting the current domain, in  2.748 seconds
Domain Reload Profiling: 7065ms
	BeginReloadAssembly (1354ms)
		DisableScriptedObjects (34ms)
		CreateAndSetChildDomain (573ms)
	RebuildCommonClasses (16ms)
	RebuildNativeTypeToScriptingClass (35ms)
	initialDomainReloadingComplete (206ms)
	LoadAllAssembliesAndSetupDomain (2704ms)
		LoadAssemblies (1379ms)
		AnalyzeDomain (1254ms)
			TypeCache.Refresh (44ms)
			BuildScriptInfoCaches (1161ms)
			ResolveRequiredComponents (16ms)
	FinalizeReload (2750ms)
		SetupLoadedEditorAssemblies (0ms)
			InitializePlatformSupportModulesInManaged (3ms)
			BeforeProcessingInitializeOnLoad (216ms)
			ProcessInitializeOnLoadAttributes (1318ms)
			ProcessInitializeOnLoadMethodAttributes (755ms)
			AfterProcessingInitializeOnLoad (15ms)
		AwakeInstancesAfterBackupRestoration (40ms)
Refreshing native plugins compatible for Editor in 5.01 ms, found 5 plugins.
Unloading 65 Unused Serialized files (Serialized files now loaded: 0)
Unloading 10502 unused Assets / (24.0 MB). Loaded Objects now: 11590.
Memory consumption went from 0.53 GB to 0.51 GB.
Total: 38.261100 ms (FindLiveObjects: 2.118200 ms CreateObjectMapping: 2.082200 ms MarkObjects: 21.915000 ms  DeleteObjects: 12.142600 ms)

Prepare: number of updated asset objects reloaded= 0
========================================================================
Received Prepare
AcceleratorClientConnectionCallback - disconnected - :0
[Licensing::Client] Successfully resolved entitlement details
Begin MonoManager ReloadAssembly
Symbol file LoadedFromMemory is not a mono symbol file
Symbol file LoadedFromMemory is not a mono symbol file
Refreshing native plugins compatible for Editor in 7.32 ms, found 5 plugins.
Native extension for WindowsStandalone target not found
Native extension for WebGL target not found
[Package Manager] Failed to launch server process. Reason: Unity was launched with the -noUpm command-line argument
[Package Manager] Unable to send message (not connected to server process).
[Package Manager] Cannot connect to Unity Package Manager local server
Refreshing native plugins compatible for Editor in 4.71 ms, found 5 plugins.
[Package Manager] Failed to launch server process. Reason: Unity was launched with the -noUpm command-line argument
[Package Manager] Unable to send message (not connected to server process).
[Package Manager] Cannot connect to Unity Package Manager local server
[Licensing::Client] Error: Code 404 while processing request (status: Found 0 entitlement groups and 0 free entitlements matching requested entitlement ids)
ScheduleIndexationOnStartup MainProcess:False IndexOnStartup:True
Mono: successfully reloaded assembly
- Finished resetting the current domain, in  3.151 seconds
Domain Reload Profiling: 6984ms
	BeginReloadAssembly (764ms)
		DisableScriptedObjects (20ms)
		CreateAndSetChildDomain (309ms)
	RebuildCommonClasses (18ms)
	RebuildNativeTypeToScriptingClass (26ms)
	initialDomainReloadingComplete (183ms)
	LoadAllAssembliesAndSetupDomain (2841ms)
		LoadAssemblies (1750ms)
		AnalyzeDomain (1043ms)
			TypeCache.Refresh (39ms)
			BuildScriptInfoCaches (978ms)
			ResolveRequiredComponents (10ms)
	FinalizeReload (3153ms)
		SetupLoadedEditorAssemblies (0ms)
			InitializePlatformSupportModulesInManaged (5ms)
			BeforeProcessingInitializeOnLoad (215ms)
			ProcessInitializeOnLoadAttributes (1495ms)
			ProcessInitializeOnLoadMethodAttributes (855ms)
			AfterProcessingInitializeOnLoad (18ms)
			EditorAssembliesLoaded (4ms)
		AwakeInstancesAfterBackupRestoration (67ms)
Refreshing native plugins compatible for Editor in 6.43 ms, found 5 plugins.
Unloading 65 Unused Serialized files (Serialized files now loaded: 0)
Unloading 10502 unused Assets / (21.5 MB). Loaded Objects now: 11593.
Memory consumption went from 0.54 GB to 0.52 GB.
Total: 46.686300 ms (FindLiveObjects: 3.897300 ms CreateObjectMapping: 2.897900 ms MarkObjects: 26.495400 ms  DeleteObjects: 13.105100 ms)

Prepare: number of updated asset objects reloaded= 0
========================================================================
Received Prepare
AcceleratorClientConnectionCallback - disconnected - :0
[Licensing::Client] Successfully resolved entitlement details
Begin MonoManager ReloadAssembly
Symbol file LoadedFromMemory is not a mono symbol file
Symbol file LoadedFromMemory is not a mono symbol file
Refreshing native plugins compatible for Editor in 15.92 ms, found 5 plugins.
Native extension for WindowsStandalone target not found
Native extension for WebGL target not found
[Package Manager] Failed to launch server process. Reason: Unity was launched with the -noUpm command-line argument
[Package Manager] Unable to send message (not connected to server process).
[Package Manager] Cannot connect to Unity Package Manager local server
Refreshing native plugins compatible for Editor in 15.00 ms, found 5 plugins.
[Package Manager] Failed to launch server process. Reason: Unity was launched with the -noUpm command-line argument
[Package Manager] Unable to send message (not connected to server process).
[Package Manager] Cannot connect to Unity Package Manager local server
[Licensing::Client] Error: Code 404 while processing request (status: Found 0 entitlement groups and 0 free entitlements matching requested entitlement ids)
ScheduleIndexationOnStartup MainProcess:False IndexOnStartup:True
Mono: successfully reloaded assembly
- Finished resetting the current domain, in  5.508 seconds
Domain Reload Profiling: 10308ms
	BeginReloadAssembly (1655ms)
		DisableScriptedObjects (61ms)
		ReleaseScriptingObjects (4ms)
		CreateAndSetChildDomain (766ms)
	RebuildCommonClasses (14ms)
	RebuildNativeTypeToScriptingClass (26ms)
	initialDomainReloadingComplete (226ms)
	LoadAllAssembliesAndSetupDomain (2874ms)
		LoadAssemblies (2668ms)
		AnalyzeDomain (122ms)
			TypeCache.Refresh (54ms)
			ResolveRequiredComponents (13ms)
	FinalizeReload (5513ms)
		SetupLoadedEditorAssemblies (0ms)
			InitializePlatformSupportModulesInManaged (8ms)
			BeforeProcessingInitializeOnLoad (354ms)
			ProcessInitializeOnLoadAttributes (3238ms)
			ProcessInitializeOnLoadMethodAttributes (1240ms)
			AfterProcessingInitializeOnLoad (24ms)
			EditorAssembliesLoaded (3ms)
		AwakeInstancesAfterBackupRestoration (70ms)
Refreshing native plugins compatible for Editor in 9.51 ms, found 5 plugins.
Unloading 65 Unused Serialized files (Serialized files now loaded: 0)
Unloading 10502 unused Assets / (20.6 MB). Loaded Objects now: 11596.
Memory consumption went from 0.54 GB to 0.52 GB.
Total: 101.355000 ms (FindLiveObjects: 22.492900 ms CreateObjectMapping: 10.857200 ms MarkObjects: 41.854900 ms  DeleteObjects: 25.842700 ms)

Prepare: number of updated asset objects reloaded= 0
========================================================================
Received Prepare
AcceleratorClientConnectionCallback - disconnected - :0
Begin MonoManager ReloadAssembly
[Pipeline] Failed to persist console log buffer: Sharing violation on path C:\Users\Keven\My project\Temp\pipeline_console_log.json
UnityEngine.Debug:ExtractStackTraceNoAlloc (byte*,int,string)
UnityEngine.StackTraceUtility:ExtractStackTrace ()
UnityEngine.DebugLogHandler:Internal_Log (UnityEngine.LogType,UnityEngine.LogOption,string,UnityEngine.Object)
UnityEngine.DebugLogHandler:LogFormat (UnityEngine.LogType,UnityEngine.Object,string,object[])
UnityEngine.Logger:Log (UnityEngine.LogType,object)
UnityEngine.Debug:LogWarning (object)
Unity.Pipeline.Console.ConsoleLogBuffer:Save (string) (at ./Library/PackageCache/com.unity.pipeline@24975d51528a/Runtime/Console/ConsoleLogBuffer.cs:191)
Unity.Pipeline.Editor.Console.EditorConsoleCaptureBootstrap:Persist () (at ./Library/PackageCache/com.unity.pipeline@24975d51528a/Editor/Console/EditorConsoleCaptureBootstrap.cs:47)
UnityEditor.AssemblyReloadEvents:OnBeforeAssemblyReload ()

(Filename: ./Library/PackageCache/com.unity.pipeline@24975d51528a/Runtime/Console/ConsoleLogBuffer.cs Line: 191)

Symbol file LoadedFromMemory is not a mono symbol file
Symbol file LoadedFromMemory is not a mono symbol file
Refreshing native plugins compatible for Editor in 9.11 ms, found 5 plugins.
Native extension for WindowsStandalone target not found
Native extension for WebGL target not found
[Package Manager] Failed to launch server process. Reason: Unity was launched with the -noUpm command-line argument
[Package Manager] Unable to send message (not connected to server process).
[Package Manager] Cannot connect to Unity Package Manager local server
Refreshing native plugins compatible for Editor in 10.88 ms, found 5 plugins.
[Package Manager] Failed to launch server process. Reason: Unity was launched with the -noUpm command-line argument
[Package Manager] Unable to send message (not connected to server process).
[Package Manager] Cannot connect to Unity Package Manager local server
[Licensing::Client] Error: Code 404 while processing request (status: Found 0 entitlement groups and 0 free entitlements matching requested entitlement ids)
ScheduleIndexationOnStartup MainProcess:False IndexOnStartup:True
Mono: successfully reloaded assembly
- Finished resetting the current domain, in  4.240 seconds
Domain Reload Profiling: 6682ms
	BeginReloadAssembly (629ms)
		DisableScriptedObjects (37ms)
		CreateAndSetChildDomain (182ms)
	RebuildCommonClasses (15ms)
	RebuildNativeTypeToScriptingClass (25ms)
	initialDomainReloadingComplete (213ms)
	LoadAllAssembliesAndSetupDomain (1556ms)
		LoadAssemblies (1454ms)
		AnalyzeDomain (48ms)
			TypeCache.Refresh (25ms)
			ResolveRequiredComponents (11ms)
	FinalizeReload (4243ms)
		SetupLoadedEditorAssemblies (0ms)
			InitializePlatformSupportModulesInManaged (4ms)
			BeforeProcessingInitializeOnLoad (332ms)
			ProcessInitializeOnLoadAttributes (2175ms)
			ProcessInitializeOnLoadMethodAttributes (1114ms)
			AfterProcessingInitializeOnLoad (25ms)
		AwakeInstancesAfterBackupRestoration (70ms)
Refreshing native plugins compatible for Editor in 11.28 ms, found 5 plugins.
Unloading 65 Unused Serialized files (Serialized files now loaded: 0)
Unloading 10502 unused Assets / (23.7 MB). Loaded Objects now: 11599.
Memory consumption went from 0.54 GB to 0.52 GB.
Total: 62.485700 ms (FindLiveObjects: 3.713900 ms CreateObjectMapping: 4.100400 ms MarkObjects: 34.499100 ms  DeleteObjects: 20.169200 ms)

Prepare: number of updated asset objects reloaded= 0
========================================================================
Received Prepare
AcceleratorClientConnectionCallback - disconnected - :0
[Licensing::Client] Successfully resolved entitlement details
Begin MonoManager ReloadAssembly
Symbol file LoadedFromMemory is not a mono symbol file
Symbol file LoadedFromMemory is not a mono symbol file
Refreshing native plugins compatible for Editor in 12.02 ms, found 5 plugins.
Native extension for WindowsStandalone target not found
Native extension for WebGL target not found
[Package Manager] Failed to launch server process. Reason: Unity was launched with the -noUpm command-line argument
[Package Manager] Unable to send message (not connected to server process).
[Package Manager] Cannot connect to Unity Package Manager local server
Refreshing native plugins compatible for Editor in 7.44 ms, found 5 plugins.
[Package Manager] Failed to launch server process. Reason: Unity was launched with the -noUpm command-line argument
[Package Manager] Unable to send message (not connected to server process).
[Package Manager] Cannot connect to Unity Package Manager local server
[Licensing::Client] Error: Code 404 while processing request (status: Found 0 entitlement groups and 0 free entitlements matching requested entitlement ids)
ScheduleIndexationOnStartup MainProcess:False IndexOnStartup:True
Mono: successfully reloaded assembly
- Finished resetting the current domain, in  4.253 seconds
Domain Reload Profiling: 12864ms
	BeginReloadAssembly (3236ms)
		DisableScriptedObjects (298ms)
		ReleaseScriptingObjects (3ms)
		CreateAndSetChildDomain (891ms)
	RebuildCommonClasses (15ms)
	RebuildNativeTypeToScriptingClass (27ms)
	initialDomainReloadingComplete (360ms)
	LoadAllAssembliesAndSetupDomain (4970ms)
		LoadAssemblies (4425ms)
		AnalyzeDomain (1265ms)
			TypeCache.Refresh (253ms)
				TypeCache.ScanAssembly (3ms)
			BuildScriptInfoCaches (970ms)
			ResolveRequiredComponents (12ms)
	FinalizeReload (4255ms)
		SetupLoadedEditorAssemblies (0ms)
			InitializePlatformSupportModulesInManaged (5ms)
			BeforeProcessingInitializeOnLoad (283ms)
			ProcessInitializeOnLoadAttributes (2136ms)
			ProcessInitializeOnLoadMethodAttributes (1266ms)
			AfterProcessingInitializeOnLoad (26ms)
			EditorAssembliesLoaded (5ms)
		AwakeInstancesAfterBackupRestoration (70ms)
Refreshing native plugins compatible for Editor in 6.97 ms, found 5 plugins.
Unloading 65 Unused Serialized files (Serialized files now loaded: 0)
Unloading 10502 unused Assets / (20.8 MB). Loaded Objects now: 11602.
Memory consumption went from 0.55 GB to 0.53 GB.
Total: 51.006200 ms (FindLiveObjects: 2.668000 ms CreateObjectMapping: 2.075200 ms MarkObjects: 30.895500 ms  DeleteObjects: 15.130600 ms)

Prepare: number of updated asset objects reloaded= 0
========================================================================
Received Prepare
AcceleratorClientConnectionCallback - disconnected - :0
Begin MonoManager ReloadAssembly
Symbol file LoadedFromMemory is not a mono symbol file
Symbol file LoadedFromMemory is not a mono symbol file
Refreshing native plugins compatible for Editor in 6.69 ms, found 5 plugins.
Native extension for WindowsStandalone target not found
Native extension for WebGL target not found
[Package Manager] Failed to launch server process. Reason: Unity was launched with the -noUpm command-line argument
[Package Manager] Unable to send message (not connected to server process).
[Package Manager] Cannot connect to Unity Package Manager local server
Refreshing native plugins compatible for Editor in 9.51 ms, found 5 plugins.
[Package Manager] Failed to launch server process. Reason: Unity was launched with the -noUpm command-line argument
[Package Manager] Unable to send message (not connected to server process).
[Package Manager] Cannot connect to Unity Package Manager local server
[Licensing::Client] Error: Code 404 while processing request (status: Found 0 entitlement groups and 0 free entitlements matching requested entitlement ids)
ScheduleIndexationOnStartup MainProcess:False IndexOnStartup:True
Mono: successfully reloaded assembly
- Finished resetting the current domain, in  5.026 seconds
Domain Reload Profiling: 8750ms
	BeginReloadAssembly (690ms)
		DisableScriptedObjects (18ms)
		CreateAndSetChildDomain (227ms)
	RebuildCommonClasses (14ms)
	RebuildNativeTypeToScriptingClass (26ms)
	initialDomainReloadingComplete (254ms)
	LoadAllAssembliesAndSetupDomain (2737ms)
		LoadAssemblies (2616ms)
		AnalyzeDomain (51ms)
			TypeCache.Refresh (24ms)
			ResolveRequiredComponents (11ms)
	FinalizeReload (5029ms)
		SetupLoadedEditorAssemblies (0ms)
			InitializePlatformSupportModulesInManaged (4ms)
			BeforeProcessingInitializeOnLoad (302ms)
			ProcessInitializeOnLoadAttributes (2725ms)
			ProcessInitializeOnLoadMethodAttributes (1389ms)
			AfterProcessingInitializeOnLoad (19ms)
			EditorAssembliesLoaded (3ms)
		AwakeInstancesAfterBackupRestoration (78ms)
Refreshing native plugins compatible for Editor in 9.40 ms, found 5 plugins.
Unloading 65 Unused Serialized files (Serialized files now loaded: 0)
Unloading 10502 unused Assets / (22.5 MB). Loaded Objects now: 11605.
Memory consumption went from 0.55 GB to 0.53 GB.
Total: 65.481200 ms (FindLiveObjects: 2.779200 ms CreateObjectMapping: 7.608500 ms MarkObjects: 36.674800 ms  DeleteObjects: 18.158000 ms)

Prepare: number of updated asset objects reloaded= 0
========================================================================
Received Prepare
AcceleratorClientConnectionCallback - disconnected - :0
[Licensing::Client] Successfully resolved entitlement details
Begin MonoManager ReloadAssembly
Symbol file LoadedFromMemory is not a mono symbol file
Symbol file LoadedFromMemory is not a mono symbol file
Refreshing native plugins compatible for Editor in 19.28 ms, found 5 plugins.
Native extension for WindowsStandalone target not found
Native extension for WebGL target not found
[Package Manager] Failed to launch server process. Reason: Unity was launched with the -noUpm command-line argument
[Package Manager] Unable to send message (not connected to server process).
[Package Manager] Cannot connect to Unity Package Manager local server
Refreshing native plugins compatible for Editor in 10.05 ms, found 5 plugins.
[Package Manager] Failed to launch server process. Reason: Unity was launched with the -noUpm command-line argument
[Package Manager] Unable to send message (not connected to server process).
[Package Manager] Cannot connect to Unity Package Manager local server
[Licensing::Client] Error: Code 404 while processing request (status: Found 0 entitlement groups and 0 free entitlements matching requested entitlement ids)
ScheduleIndexationOnStartup MainProcess:False IndexOnStartup:True
Mono: successfully reloaded assembly
- Finished resetting the current domain, in  6.611 seconds
Domain Reload Profiling: 17679ms
	BeginReloadAssembly (4642ms)
		DisableScriptedObjects (391ms)
		ReleaseScriptingObjects (4ms)
		CreateAndSetChildDomain (1656ms)
	RebuildCommonClasses (21ms)
	RebuildNativeTypeToScriptingClass (59ms)
	initialDomainReloadingComplete (1342ms)
	LoadAllAssembliesAndSetupDomain (4997ms)
		LoadAssemblies (4596ms)
		AnalyzeDomain (230ms)
			TypeCache.Refresh (113ms)
			ResolveRequiredComponents (27ms)
	FinalizeReload (6619ms)
		SetupLoadedEditorAssemblies (0ms)
			InitializePlatformSupportModulesInManaged (8ms)
			BeforeProcessingInitializeOnLoad (505ms)
			ProcessInitializeOnLoadAttributes (3626ms)
			ProcessInitializeOnLoadMethodAttributes (1371ms)
			AfterProcessingInitializeOnLoad (32ms)
			EditorAssembliesLoaded (3ms)
		AwakeInstancesAfterBackupRestoration (116ms)
Refreshing native plugins compatible for Editor in 7.09 ms, found 5 plugins.
Unloading 65 Unused Serialized files (Serialized files now loaded: 0)
Unloading 10502 unused Assets / (21.5 MB). Loaded Objects now: 11608.
Memory consumption went from 0.55 GB to 0.53 GB.
Total: 74.700200 ms (FindLiveObjects: 5.403600 ms CreateObjectMapping: 3.906300 ms MarkObjects: 44.048400 ms  DeleteObjects: 21.022000 ms)

Prepare: number of updated asset objects reloaded= 0
========================================================================
Received Prepare
AcceleratorClientConnectionCallback - disconnected - :0
[Licensing::Client] Successfully resolved entitlement details
Begin MonoManager ReloadAssembly
Symbol file LoadedFromMemory is not a mono symbol file
Symbol file LoadedFromMemory is not a mono symbol file
Refreshing native plugins compatible for Editor in 5.21 ms, found 5 plugins.
Native extension for WindowsStandalone target not found
Native extension for WebGL target not found
[Package Manager] Failed to launch server process. Reason: Unity was launched with the -noUpm command-line argument
[Package Manager] Unable to send message (not connected to server process).
[Package Manager] Cannot connect to Unity Package Manager local server
Refreshing native plugins compatible for Editor in 13.33 ms, found 5 plugins.
[Package Manager] Failed to launch server process. Reason: Unity was launched with the -noUpm command-line argument
[Package Manager] Unable to send message (not connected to server process).
[Package Manager] Cannot connect to Unity Package Manager local server
[Licensing::Client] Error: Code 404 while processing request (status: Found 0 entitlement groups and 0 free entitlements matching requested entitlement ids)
ScheduleIndexationOnStartup MainProcess:False IndexOnStartup:True
Mono: successfully reloaded assembly
- Finished resetting the current domain, in  5.165 seconds
Domain Reload Profiling: 16069ms
	BeginReloadAssembly (3571ms)
		DisableScriptedObjects (385ms)
		ReleaseScriptingObjects (3ms)
		CreateAndSetChildDomain (1236ms)
	RebuildCommonClasses (36ms)
	RebuildNativeTypeToScriptingClass (34ms)
	initialDomainReloadingComplete (430ms)
	LoadAllAssembliesAndSetupDomain (6830ms)
		LoadAssemblies (4521ms)
		AnalyzeDomain (2247ms)
			TypeCache.Refresh (399ms)
				TypeCache.ScanAssembly (7ms)
			BuildScriptInfoCaches (1783ms)
			ResolveRequiredComponents (15ms)
	FinalizeReload (5167ms)
		SetupLoadedEditorAssemblies (0ms)
			InitializePlatformSupportModulesInManaged (5ms)
			BeforeProcessingInitializeOnLoad (540ms)
			ProcessInitializeOnLoadAttributes (2879ms)
			ProcessInitializeOnLoadMethodAttributes (1130ms)
			AfterProcessingInitializeOnLoad (18ms)
			EditorAssembliesLoaded (9ms)
		AwakeInstancesAfterBackupRestoration (71ms)
Refreshing native plugins compatible for Editor in 24.86 ms, found 5 plugins.
Unloading 65 Unused Serialized files (Serialized files now loaded: 0)
Unloading 10502 unused Assets / (16.7 MB). Loaded Objects now: 11611.
Memory consumption went from 0.56 GB to 0.54 GB.
Total: 434.265300 ms (FindLiveObjects: 265.232500 ms CreateObjectMapping: 28.693100 ms MarkObjects: 106.307900 ms  DeleteObjects: 34.026200 ms)

Prepare: number of updated asset objects reloaded= 0
========================================================================
Received Prepare
AcceleratorClientConnectionCallback - disconnected - :0
Begin MonoManager ReloadAssembly
Symbol file LoadedFromMemory is not a mono symbol file
Symbol file LoadedFromMemory is not a mono symbol file
Refreshing native plugins compatible for Editor in 8.62 ms, found 5 plugins.
Native extension for WindowsStandalone target not found
Native extension for WebGL target not found
[Package Manager] Failed to launch server process. Reason: Unity was launched with the -noUpm command-line argument
[Package Manager] Unable to send message (not connected to server process).
[Package Manager] Cannot connect to Unity Package Manager local server
Refreshing native plugins compatible for Editor in 12.40 ms, found 5 plugins.
[Package Manager] Failed to launch server process. Reason: Unity was launched with the -noUpm command-line argument
[Package Manager] Unable to send message (not connected to server process).
[Package Manager] Cannot connect to Unity Package Manager local server
[Licensing::Client] Error: Code 404 while processing request (status: Found 0 entitlement groups and 0 free entitlements matching requested entitlement ids)
ScheduleIndexationOnStartup MainProcess:False IndexOnStartup:True
Mono: successfully reloaded assembly
- Finished resetting the current domain, in  5.119 seconds
Domain Reload Profiling: 10781ms
	BeginReloadAssembly (1204ms)
		DisableScriptedObjects (25ms)
		CreateAndSetChildDomain (578ms)
	RebuildCommonClasses (19ms)
	RebuildNativeTypeToScriptingClass (27ms)
	initialDomainReloadingComplete (796ms)
	LoadAllAssembliesAndSetupDomain (3614ms)
		LoadAssemblies (3043ms)
		AnalyzeDomain (241ms)
			TypeCache.Refresh (150ms)
			ResolveRequiredComponents (17ms)
	FinalizeReload (5121ms)
		SetupLoadedEditorAssemblies (0ms)
			InitializePlatformSupportModulesInManaged (7ms)
			BeforeProcessingInitializeOnLoad (534ms)
			ProcessInitializeOnLoadAttributes (2617ms)
			ProcessInitializeOnLoadMethodAttributes (1226ms)
			AfterProcessingInitializeOnLoad (29ms)
		AwakeInstancesAfterBackupRestoration (94ms)
Refreshing native plugins compatible for Editor in 13.07 ms, found 5 plugins.
Unloading 65 Unused Serialized files (Serialized files now loaded: 0)
Unloading 10502 unused Assets / (23.8 MB). Loaded Objects now: 11614.
Memory consumption went from 0.56 GB to 0.54 GB.
Total: 91.575700 ms (FindLiveObjects: 6.614000 ms CreateObjectMapping: 4.135300 ms MarkObjects: 54.254200 ms  DeleteObjects: 26.179600 ms)

Prepare: number of updated asset objects reloaded= 0
========================================================================
Received Prepare
AcceleratorClientConnectionCallback - disconnected - :0
[Licensing::Client] Successfully resolved entitlement details
Begin MonoManager ReloadAssembly
Symbol file LoadedFromMemory is not a mono symbol file
Symbol file LoadedFromMemory is not a mono symbol file
Refreshing native plugins compatible for Editor in 23.93 ms, found 5 plugins.
Native extension for WindowsStandalone target not found
Native extension for WebGL target not found
[Package Manager] Failed to launch server process. Reason: Unity was launched with the -noUpm command-line argument
[Package Manager] Unable to send message (not connected to server process).
[Package Manager] Cannot connect to Unity Package Manager local server
Refreshing native plugins compatible for Editor in 11.44 ms, found 5 plugins.
[Package Manager] Failed to launch server process. Reason: Unity was launched with the -noUpm command-line argument
[Package Manager] Unable to send message (not connected to server process).
[Package Manager] Cannot connect to Unity Package Manager local server
[Licensing::Client] Error: Code 404 while processing request (status: Found 0 entitlement groups and 0 free entitlements matching requested entitlement ids)
ScheduleIndexationOnStartup MainProcess:False IndexOnStartup:True
Mono: successfully reloaded assembly
- Finished resetting the current domain, in  4.112 seconds
Domain Reload Profiling: 8426ms
	BeginReloadAssembly (810ms)
		DisableScriptedObjects (18ms)
		CreateAndSetChildDomain (261ms)
	RebuildCommonClasses (26ms)
	RebuildNativeTypeToScriptingClass (47ms)
	initialDomainReloadingComplete (501ms)
	LoadAllAssembliesAndSetupDomain (2929ms)
		LoadAssemblies (2745ms)
		AnalyzeDomain (42ms)
			TypeCache.Refresh (22ms)
			ResolveRequiredComponents (11ms)
	FinalizeReload (4114ms)
		SetupLoadedEditorAssemblies (0ms)
			InitializePlatformSupportModulesInManaged (6ms)
			BeforeProcessingInitializeOnLoad (307ms)
			ProcessInitializeOnLoadAttributes (2239ms)
			ProcessInitializeOnLoadMethodAttributes (908ms)
			AfterProcessingInitializeOnLoad (20ms)
		AwakeInstancesAfterBackupRestoration (62ms)
Refreshing native plugins compatible for Editor in 10.97 ms, found 5 plugins.
Unloading 65 Unused Serialized files (Serialized files now loaded: 0)
Unloading 10502 unused Assets / (22.3 MB). Loaded Objects now: 11617.
Memory consumption went from 0.57 GB to 0.54 GB.
Total: 58.482500 ms (FindLiveObjects: 6.392500 ms CreateObjectMapping: 4.817900 ms MarkObjects: 32.365500 ms  DeleteObjects: 14.898800 ms)

Prepare: number of updated asset objects reloaded= 0
========================================================================
Received Prepare
AcceleratorClientConnectionCallback - disconnected - :0
[Licensing::Client] Successfully resolved entitlement details
Begin MonoManager ReloadAssembly
[Pipeline] Failed to persist console log buffer: Sharing violation on path C:\Users\Keven\My project\Temp\pipeline_console_log.json
UnityEngine.Debug:ExtractStackTraceNoAlloc (byte*,int,string)
UnityEngine.StackTraceUtility:ExtractStackTrace ()
UnityEngine.DebugLogHandler:Internal_Log (UnityEngine.LogType,UnityEngine.LogOption,string,UnityEngine.Object)
UnityEngine.DebugLogHandler:LogFormat (UnityEngine.LogType,UnityEngine.Object,string,object[])
UnityEngine.Logger:Log (UnityEngine.LogType,object)
UnityEngine.Debug:LogWarning (object)
Unity.Pipeline.Console.ConsoleLogBuffer:Save (string) (at ./Library/PackageCache/com.unity.pipeline@24975d51528a/Runtime/Console/ConsoleLogBuffer.cs:191)
Unity.Pipeline.Editor.Console.EditorConsoleCaptureBootstrap:Persist () (at ./Library/PackageCache/com.unity.pipeline@24975d51528a/Editor/Console/EditorConsoleCaptureBootstrap.cs:47)
UnityEditor.AssemblyReloadEvents:OnBeforeAssemblyReload ()

(Filename: ./Library/PackageCache/com.unity.pipeline@24975d51528a/Runtime/Console/ConsoleLogBuffer.cs Line: 191)

Symbol file LoadedFromMemory is not a mono symbol file
Symbol file LoadedFromMemory is not a mono symbol file
Refreshing native plugins compatible for Editor in 5.50 ms, found 5 plugins.
Native extension for WindowsStandalone target not found
Native extension for WebGL target not found
[Package Manager] Failed to launch server process. Reason: Unity was launched with the -noUpm command-line argument
[Package Manager] Unable to send message (not connected to server process).
[Package Manager] Cannot connect to Unity Package Manager local server
Refreshing native plugins compatible for Editor in 6.87 ms, found 5 plugins.
[Package Manager] Failed to launch server process. Reason: Unity was launched with the -noUpm command-line argument
[Package Manager] Unable to send message (not connected to server process).
[Package Manager] Cannot connect to Unity Package Manager local server
[Licensing::Client] Error: Code 404 while processing request (status: Found 0 entitlement groups and 0 free entitlements matching requested entitlement ids)
ScheduleIndexationOnStartup MainProcess:False IndexOnStartup:True
Mono: successfully reloaded assembly
- Finished resetting the current domain, in  3.494 seconds
Domain Reload Profiling: 5405ms
	BeginReloadAssembly (549ms)
		DisableScriptedObjects (23ms)
		CreateAndSetChildDomain (183ms)
	RebuildCommonClasses (14ms)
	RebuildNativeTypeToScriptingClass (26ms)
	initialDomainReloadingComplete (177ms)
	LoadAllAssembliesAndSetupDomain (1143ms)
		LoadAssemblies (983ms)
		AnalyzeDomain (30ms)
			TypeCache.Refresh (14ms)
			ResolveRequiredComponents (8ms)
	FinalizeReload (3496ms)
		SetupLoadedEditorAssemblies (0ms)
			InitializePlatformSupportModulesInManaged (3ms)
			BeforeProcessingInitializeOnLoad (243ms)
			ProcessInitializeOnLoadAttributes (1745ms)
			ProcessInitializeOnLoadMethodAttributes (981ms)
			AfterProcessingInitializeOnLoad (24ms)
		AwakeInstancesAfterBackupRestoration (61ms)
Refreshing native plugins compatible for Editor in 9.61 ms, found 5 plugins.
Unloading 65 Unused Serialized files (Serialized files now loaded: 0)
Unloading 10502 unused Assets / (25.2 MB). Loaded Objects now: 11620.
Memory consumption went from 0.57 GB to 0.54 GB.
Total: 57.494700 ms (FindLiveObjects: 3.012900 ms CreateObjectMapping: 5.214200 ms MarkObjects: 29.242700 ms  DeleteObjects: 20.021600 ms)

Prepare: number of updated asset objects reloaded= 0
========================================================================
Received Prepare
AcceleratorClientConnectionCallback - disconnected - :0
[Licensing::Client] Successfully resolved entitlement details
Begin MonoManager ReloadAssembly
[Pipeline] Failed to persist console log buffer: Sharing violation on path C:\Users\Keven\My project\Temp\pipeline_console_log.json
UnityEngine.Debug:ExtractStackTraceNoAlloc (byte*,int,string)
UnityEngine.StackTraceUtility:ExtractStackTrace ()
UnityEngine.DebugLogHandler:Internal_Log (UnityEngine.LogType,UnityEngine.LogOption,string,UnityEngine.Object)
UnityEngine.DebugLogHandler:LogFormat (UnityEngine.LogType,UnityEngine.Object,string,object[])
UnityEngine.Logger:Log (UnityEngine.LogType,object)
UnityEngine.Debug:LogWarning (object)
Unity.Pipeline.Console.ConsoleLogBuffer:Save (string) (at ./Library/PackageCache/com.unity.pipeline@24975d51528a/Runtime/Console/ConsoleLogBuffer.cs:191)
Unity.Pipeline.Editor.Console.EditorConsoleCaptureBootstrap:Persist () (at ./Library/PackageCache/com.unity.pipeline@24975d51528a/Editor/Console/EditorConsoleCaptureBootstrap.cs:47)
UnityEditor.AssemblyReloadEvents:OnBeforeAssemblyReload ()

(Filename: ./Library/PackageCache/com.unity.pipeline@24975d51528a/Runtime/Console/ConsoleLogBuffer.cs Line: 191)

Symbol file LoadedFromMemory is not a mono symbol file
Symbol file LoadedFromMemory is not a mono symbol file
Refreshing native plugins compatible for Editor in 11.10 ms, found 5 plugins.
Native extension for WindowsStandalone target not found
Native extension for WebGL target not found
[Package Manager] Failed to launch server process. Reason: Unity was launched with the -noUpm command-line argument
[Package Manager] Unable to send message (not connected to server process).
[Package Manager] Cannot connect to Unity Package Manager local server
Refreshing native plugins compatible for Editor in 13.45 ms, found 5 plugins.
[Package Manager] Failed to launch server process. Reason: Unity was launched with the -noUpm command-line argument
[Package Manager] Unable to send message (not connected to server process).
[Package Manager] Cannot connect to Unity Package Manager local server
[Licensing::Client] Error: Code 404 while processing request (status: Found 0 entitlement groups and 0 free entitlements matching requested entitlement ids)
ScheduleIndexationOnStartup MainProcess:False IndexOnStartup:True
Mono: successfully reloaded assembly
- Finished resetting the current domain, in  4.761 seconds
Domain Reload Profiling: 6649ms
	BeginReloadAssembly (581ms)
		DisableScriptedObjects (22ms)
		CreateAndSetChildDomain (199ms)
	RebuildCommonClasses (15ms)
	RebuildNativeTypeToScriptingClass (25ms)
	initialDomainReloadingComplete (187ms)
	LoadAllAssembliesAndSetupDomain (1078ms)
		LoadAssemblies (928ms)
		AnalyzeDomain (31ms)
			TypeCache.Refresh (16ms)
			ResolveRequiredComponents (8ms)
	FinalizeReload (4764ms)
		SetupLoadedEditorAssemblies (0ms)
			InitializePlatformSupportModulesInManaged (3ms)
			BeforeProcessingInitializeOnLoad (293ms)
			ProcessInitializeOnLoadAttributes (2580ms)
			ProcessInitializeOnLoadMethodAttributes (1296ms)
			AfterProcessingInitializeOnLoad (19ms)
		AwakeInstancesAfterBackupRestoration (65ms)
Refreshing native plugins compatible for Editor in 10.83 ms, found 5 plugins.
Preloading 1 native plugins for Editor in 3.19 ms.
Unloading 65 Unused Serialized files (Serialized files now loaded: 0)
Unloading 10502 unused Assets / (24.2 MB). Loaded Objects now: 11623.
Memory consumption went from 0.57 GB to 0.55 GB.
Total: 83.381200 ms (FindLiveObjects: 2.939300 ms CreateObjectMapping: 5.243100 ms MarkObjects: 42.616900 ms  DeleteObjects: 32.579100 ms)

Prepare: number of updated asset objects reloaded= 0
========================================================================
Received Prepare
AcceleratorClientConnectionCallback - disconnected - :0
[Licensing::Client] Successfully resolved entitlement details
Begin MonoManager ReloadAssembly
Symbol file LoadedFromMemory is not a mono symbol file
Symbol file LoadedFromMemory is not a mono symbol file
Refreshing native plugins compatible for Editor in 14.99 ms, found 5 plugins.
Native extension for WindowsStandalone target not found
Native extension for WebGL target not found
[Package Manager] Failed to launch server process. Reason: Unity was launched with the -noUpm command-line argument
[Package Manager] Unable to send message (not connected to server process).
[Package Manager] Cannot connect to Unity Package Manager local server
Refreshing native plugins compatible for Editor in 11.23 ms, found 5 plugins.
[Package Manager] Failed to launch server process. Reason: Unity was launched with the -noUpm command-line argument
[Package Manager] Unable to send message (not connected to server process).
[Package Manager] Cannot connect to Unity Package Manager local server
[Licensing::Client] Error: Code 404 while processing request (status: Found 0 entitlement groups and 0 free entitlements matching requested entitlement ids)
ScheduleIndexationOnStartup MainProcess:False IndexOnStartup:True
Mono: successfully reloaded assembly
- Finished resetting the current domain, in  4.867 seconds
Domain Reload Profiling: 8578ms
	BeginReloadAssembly (832ms)
		DisableScriptedObjects (20ms)
		CreateAndSetChildDomain (350ms)
	RebuildCommonClasses (17ms)
	RebuildNativeTypeToScriptingClass (26ms)
	initialDomainReloadingComplete (245ms)
	LoadAllAssembliesAndSetupDomain (2589ms)
		LoadAssemblies (2329ms)
		AnalyzeDomain (92ms)
			TypeCache.Refresh (40ms)
			ResolveRequiredComponents (14ms)
	FinalizeReload (4869ms)
		SetupLoadedEditorAssemblies (0ms)
			InitializePlatformSupportModulesInManaged (7ms)
			BeforeProcessingInitializeOnLoad (387ms)
			ProcessInitializeOnLoadAttributes (2479ms)
			ProcessInitializeOnLoadMethodAttributes (1184ms)
			AfterProcessingInitializeOnLoad (21ms)
		AwakeInstancesAfterBackupRestoration (102ms)
Refreshing native plugins compatible for Editor in 8.59 ms, found 5 plugins.
Unloading 65 Unused Serialized files (Serialized files now loaded: 0)
Unloading 10502 unused Assets / (22.8 MB). Loaded Objects now: 11626.
Memory consumption went from 0.57 GB to 0.55 GB.
Total: 74.413400 ms (FindLiveObjects: 5.098800 ms CreateObjectMapping: 5.585500 ms MarkObjects: 40.618200 ms  DeleteObjects: 23.103000 ms)

Prepare: number of updated asset objects reloaded= 0
========================================================================
Received Prepare
AcceleratorClientConnectionCallback - disconnected - :0
[Licensing::Client] Successfully resolved entitlement details
Begin MonoManager ReloadAssembly
Symbol file LoadedFromMemory is not a mono symbol file
Symbol file LoadedFromMemory is not a mono symbol file
Refreshing native plugins compatible for Editor in 5.90 ms, found 5 plugins.
Native extension for WindowsStandalone target not found
Native extension for WebGL target not found
[Package Manager] Failed to launch server process. Reason: Unity was launched with the -noUpm command-line argument
[Package Manager] Unable to send message (not connected to server process).
[Package Manager] Cannot connect to Unity Package Manager local server
Refreshing native plugins compatible for Editor in 10.62 ms, found 5 plugins.
[Package Manager] Failed to launch server process. Reason: Unity was launched with the -noUpm command-line argument
[Package Manager] Unable to send message (not connected to server process).
[Package Manager] Cannot connect to Unity Package Manager local server
[Licensing::Client] Error: Code 404 while processing request (status: Found 0 entitlement groups and 0 free entitlements matching requested entitlement ids)
ScheduleIndexationOnStartup MainProcess:False IndexOnStartup:True
Mono: successfully reloaded assembly
- Finished resetting the current domain, in  3.925 seconds
Domain Reload Profiling: 6428ms
	BeginReloadAssembly (870ms)
		DisableScriptedObjects (42ms)
		CreateAndSetChildDomain (301ms)
	RebuildCommonClasses (20ms)
	RebuildNativeTypeToScriptingClass (32ms)
	initialDomainReloadingComplete (213ms)
	LoadAllAssembliesAndSetupDomain (1366ms)
		LoadAssemblies (1244ms)
		AnalyzeDomain (42ms)
			TypeCache.Refresh (20ms)
			ResolveRequiredComponents (14ms)
	FinalizeReload (3927ms)
		SetupLoadedEditorAssemblies (0ms)
			InitializePlatformSupportModulesInManaged (3ms)
			BeforeProcessingInitializeOnLoad (274ms)
			ProcessInitializeOnLoadAttributes (1821ms)
			ProcessInitializeOnLoadMethodAttributes (1240ms)
			AfterProcessingInitializeOnLoad (27ms)
		AwakeInstancesAfterBackupRestoration (78ms)
Refreshing native plugins compatible for Editor in 8.11 ms, found 5 plugins.
Unloading 65 Unused Serialized files (Serialized files now loaded: 0)
Unloading 10502 unused Assets / (24.3 MB). Loaded Objects now: 11629.
Memory consumption went from 0.58 GB to 0.55 GB.
Total: 69.331600 ms (FindLiveObjects: 4.151200 ms CreateObjectMapping: 5.618900 ms MarkObjects: 37.562800 ms  DeleteObjects: 21.995800 ms)

Prepare: number of updated asset objects reloaded= 0
========================================================================
Received Prepare
AcceleratorClientConnectionCallback - disconnected - :0
[Licensing::Client] Successfully resolved entitlement details
Begin MonoManager ReloadAssembly
Symbol file LoadedFromMemory is not a mono symbol file
Symbol file LoadedFromMemory is not a mono symbol file
Refreshing native plugins compatible for Editor in 15.97 ms, found 5 plugins.
Native extension for WindowsStandalone target not found
Native extension for WebGL target not found
[Package Manager] Failed to launch server process. Reason: Unity was launched with the -noUpm command-line argument
[Package Manager] Unable to send message (not connected to server process).
[Package Manager] Cannot connect to Unity Package Manager local server
Refreshing native plugins compatible for Editor in 17.56 ms, found 5 plugins.
[Package Manager] Failed to launch server process. Reason: Unity was launched with the -noUpm command-line argument
[Package Manager] Unable to send message (not connected to server process).
[Package Manager] Cannot connect to Unity Package Manager local server
[Licensing::Client] Error: Code 404 while processing request (status: Found 0 entitlement groups and 0 free entitlements matching requested entitlement ids)
ScheduleIndexationOnStartup MainProcess:False IndexOnStartup:True
Mono: successfully reloaded assembly
- Finished resetting the current domain, in  4.768 seconds
Domain Reload Profiling: 11572ms
	BeginReloadAssembly (1711ms)
		DisableScriptedObjects (68ms)
		ReleaseScriptingObjects (4ms)
		CreateAndSetChildDomain (715ms)
	RebuildCommonClasses (18ms)
	RebuildNativeTypeToScriptingClass (30ms)
	initialDomainReloadingComplete (767ms)
	LoadAllAssembliesAndSetupDomain (4275ms)
		LoadAssemblies (2964ms)
		AnalyzeDomain (1243ms)
			TypeCache.Refresh (149ms)
			BuildScriptInfoCaches (1035ms)
			ResolveRequiredComponents (14ms)
	FinalizeReload (4770ms)
		SetupLoadedEditorAssemblies (0ms)
			InitializePlatformSupportModulesInManaged (5ms)
			BeforeProcessingInitializeOnLoad (441ms)
			ProcessInitializeOnLoadAttributes (2706ms)
			ProcessInitializeOnLoadMethodAttributes (983ms)
			AfterProcessingInitializeOnLoad (15ms)
		AwakeInstancesAfterBackupRestoration (92ms)
Refreshing native plugins compatible for Editor in 9.42 ms, found 5 plugins.
Unloading 65 Unused Serialized files (Serialized files now loaded: 0)
Unloading 10502 unused Assets / (23.4 MB). Loaded Objects now: 11632.
Memory consumption went from 0.59 GB to 0.56 GB.
Total: 67.792800 ms (FindLiveObjects: 7.372800 ms CreateObjectMapping: 2.832700 ms MarkObjects: 32.095600 ms  DeleteObjects: 25.211700 ms)

Prepare: number of updated asset objects reloaded= 0
========================================================================
Received Import Request.
  Time of request: 2026-08-31T23:55:10.0314852Z
  Time since last request: 2727.91307529999995 seconds.
  importAddress: GUID: a123b115cecb73f47a18a5481e9acfce - Path: Assets/PlayerInputActions.cs - Importer: ScriptedImporter/UnityEditor.QuickSearchModule:UnityEditor.Search:ASIAI0B
Importing 'GUID: a123b115cecb73f47a18a5481e9acfce - Path: Assets/PlayerInputActions.cs - Importer: ScriptedImporter/UnityEditor.QuickSearchModule:UnityEditor.Search:ASIAI0B' with importer (ScriptedImporter : UnityEditor.QuickSearchModule:UnityEditor.Search:ASIAI0B)
Imported 'GUID: a123b115cecb73f47a18a5481e9acfce' -> (Import Result ID: 'f3c3ace678b25464583cbfad53539b3a') in 0.169 seconds [static and dynamic dependencies]. Details - ImportResultOutputID=c4a46b499b5d8313d6fba0190b4b6e5d DependenciesID=ca3c6e4dd9768caa773854314b5724fb StaticDependenciesID=8b11e43f104348feadc2b046df767ccb 
Number of updated asset objects reloaded before import = 0
Number of asset objects unloaded after import = 0
========================================================================
Received Import Request.
  Time of request: 2026-08-31T23:55:10.2342618Z
  Time since last request: 0.0053853 seconds.
  importAddress: GUID: 4ba3c592d8bf5c648999df84dda619df - Path: Assets/Scripts/PlayerMovement.cs - Importer: ScriptedImporter/UnityEditor.QuickSearchModule:UnityEditor.Search:ASIAI0B
Importing 'GUID: 4ba3c592d8bf5c648999df84dda619df - Path: Assets/Scripts/PlayerMovement.cs - Importer: ScriptedImporter/UnityEditor.QuickSearchModule:UnityEditor.Search:ASIAI0B' with importer (ScriptedImporter : UnityEditor.QuickSearchModule:UnityEditor.Search:ASIAI0B)
Imported 'GUID: 4ba3c592d8bf5c648999df84dda619df' -> (Import Result ID: '5a3337e948ce3ee8bbd29f799b665c82') in 0.252 seconds [static and dynamic dependencies]. Details - ImportResultOutputID=4a757e7a3feb95117ab761b0e0ed0f7e DependenciesID=3680d42e7c5e6ed164046ab90428ef2d StaticDependenciesID=bff5be0d8493402c7f6ffba141845928 
Number of updated asset objects reloaded before import = 0
Number of asset objects unloaded after import = 0
========================================================================
Received Import Request.
  Time of request: 2026-08-31T23:55:10.5071958Z
  Time since last request: 0.0021137 seconds.
  importAddress: GUID: 8af4199a599d0514cba13b1880d1826b - Path: Assets/PlayerInputActions.inputactions - Importer: ScriptedImporter/UnityEditor.QuickSearchModule:UnityEditor.Search:ASIAI0B
Importing 'GUID: 8af4199a599d0514cba13b1880d1826b - Path: Assets/PlayerInputActions.inputactions - Importer: ScriptedImporter/UnityEditor.QuickSearchModule:UnityEditor.Search:ASIAI0B' with importer (ScriptedImporter : UnityEditor.QuickSearchModule:UnityEditor.Search:ASIAI0B)
Imported 'GUID: 8af4199a599d0514cba13b1880d1826b' -> (Import Result ID: '809fc95297a08be152c15fbe41f194f6') in 0.572 seconds [static and dynamic dependencies]. Details - ImportResultOutputID=376a1b06a5f2722f7814a6784e7fd14c DependenciesID=82a92b32eb5039f379625a96567626c2 StaticDependenciesID=cea0fa20c6f905b3adc6a1c85671cc59 
Number of updated asset objects reloaded before import = 0
Number of asset objects unloaded after import = 6
