[Licensing::Module] Trying to connect to existing licensing client channel...
Built from '6000.5/staging' branch; Version is '6000.5.10f1 (3bd4f66ad299) revision 3921142'; Using compiler version '194234433'; Build Type 'Release'
[Licensing::IpcConnector] Successfully connected to: "LicenseClient-Keven" at "2026-09-03T21:08:45.3590239Z"
OS: 'Windows 10  (10.0.19045) 64bit Professional' Language: 'pt' Physical Memory: 10101 MB
BatchMode: 0, IsHumanControllingUs: 1, StartBugReporterOnCrash: 1, Is64bit: 1
System  architecture: x64
Process architecture: x64
Date: 2026-09-03T21:08:45Z

COMMAND LINE ARGUMENTS:
C:\Program Files\Unity\Hub\Editor\6000.5.10f1\Editor\Unity.exe
-projectpath
C:\Users\Keven\My project
-acceptSoftwareTermsForThisRunOnly
-useHub
-hubIPC
-cloudEnvironment
production
-licensingIpc
LicenseClient-Keven
-hubSessionId
df7fbc84-82a4-4312-85f7-3343dd733cf8
-accessToken
JruUTROYYGJ7_AUnNUq-HAdBHptLwaH9ILBIV7PVfrE004f
Successfully changed project path to: C:\Users\Keven\My project
C:/Users/Keven/My project
[UnityMemory] Configuration Parameters - Can be set up in boot.config
    "memorysetup-temp-allocator-size-gi-baking-worker=262144"
    "memorysetup-temp-allocator-size-gi-baking-worker=262144"
    "memorysetup-temp-allocator-size-gi-baking-worker=262144"
    "memorysetup-temp-allocator-size-gi-baking-worker=262144"
    "memorysetup-temp-allocator-size-gi-baking-worker=262144"
    "memorysetup-temp-allocator-size-nav-mesh-worker=65536"
    "memorysetup-temp-allocator-size-audio-worker=65536"
    "memorysetup-temp-allocator-size-cloud-worker=32768"
    "memorysetup-temp-allocator-size-gfx=262144"
    "memorysetup-remapper-allocator-initial-capacity=32768"
    "memorysetup-temp-allocator-size-preload-manager=33554432"
    "memorysetup-allocator-temp-initial-block-size-main=262144"
    "memorysetup-allocator-temp-initial-block-size-worker=262144"
    "memorysetup-temp-allocator-size-job-worker=262144"
    "memorysetup-temp-allocator-size-background-worker=32768"
    "memorysetup-bucket-allocator-granularity=16"
    "memorysetup-bucket-allocator-bucket-count=8"
    "memorysetup-bucket-allocator-block-size=33554432"
    "memorysetup-bucket-allocator-block-count=8"
    "memorysetup-main-allocator-block-size=16777216"
    "memorysetup-thread-allocator-block-size=16777216"
    "memorysetup-main-allocator-mimalloc-enabled=0"
    "memorysetup-gfx-main-allocator-block-size=16777216"
    "memorysetup-gfx-thread-allocator-block-size=16777216"
    "memorysetup-cache-allocator-block-size=4194304"
    "memorysetup-typetree-allocator-block-size=2097152"
    "memorysetup-profiler-bucket-allocator-granularity=16"
    "memorysetup-profiler-bucket-allocator-bucket-count=8"
    "memorysetup-profiler-bucket-allocator-block-size=33554432"
    "memorysetup-profiler-bucket-allocator-block-count=8"
    "memorysetup-profiler-allocator-block-size=16777216"
    "memorysetup-profiler-editor-allocator-block-size=1048576"
    "memorysetup-temp-allocator-size-main=16777216"
    "memorysetup-job-temp-allocator-block-size=2097152"
    "memorysetup-job-temp-allocator-block-size-background=1048576"
    "memorysetup-job-temp-allocator-reduction-small-platforms=262144"
Player connection [6568]  Target information:

Player connection [6568]  * "[IP] 192.168.56.1 [Port] 55504 [Flags] 2 [Guid] 3960029188 [EditorId] 3960029188 [Version] 1048832 [Id] WindowsEditor(7,DESKTOP-RH39JDJ) [Debug] 1 [PackageName] WindowsEditor [ProjectName] Editor" 

Player connection [6568]  * "[IP] 192.168.0.106 [Port] 55504 [Flags] 2 [Guid] 3960029188 [EditorId] 3960029188 [Version] 1048832 [Id] WindowsEditor(7,DESKTOP-RH39JDJ) [Debug] 1 [PackageName] WindowsEditor [ProjectName] Editor" 

Player connection [6568] Host joined multi-casting on [225.0.0.222:54997]...
Player connection [6568] Host joined alternative multi-casting on [225.0.0.222:34997]...
Input System module state changed to: Initialized.
[Physics::Module] Initialized fallback backend.
[Physics::Module] Id: 0xdecafbad
[Licensing::Client] Error: HandshakeResponse reported an error:
	ResponseCode: 505
	ResponseStatus: Unsupported protocol version '1.18.3'.
[Licensing::Module] Error: Failed to handshake to channel: "LicenseClient-Keven"
[Licensing::IpcConnector] LicenseClient-Keven channel disconnected successfully.
[Licensing::IpcConnector] Channel LicenseClient-Keven-6000.5.10 doesn't exist
[Licensing::Module] Successfully launched the LicensingClient (PId: 9820)
[Package Manager] Connected to IPC stream "Upm-8896" after 0.4 seconds.
[Licensing::Module] Licensing is not yet initialized.
Starting IPC server.
Waiting for clients to connect on \\.\pipe\Unity-LicenseClient-Keven-6000.5.10, press Ctrl-C to exit.
[Licensing::IpcConnector] Successfully connected to: "LicenseClient-Keven-6000.5.10" at "2026-09-03T21:08:51.2464057Z"
[Licensing::Client] Code 10 while verifying Licensing Client signature (process Id: 9820, path: "C:/Program Files/Unity/Hub/Editor/6000.5.10f1/Editor/Data/Resources/Licensing/Client/Unity.Licensing.Client.exe")
[Licensing::Module] LicensingClient has failed validation; ignoring
[Licensing::Client] Handshaking with LicensingClient:
  Version:                 1.18.3+d7ffd15
  Session Id:              d8c2e75b73a24077aa21e35ec62112bb
  Correlation Id:          abad69a1362cb87b4318bf319f072570
  External correlation Id: 4840771663953775626
  Machine Id:              1kJ9veuQa1zzCPIH9WfdC5Jn704=
[Licensing::Module] Successfully connected to LicensingClient on channel: "LicenseClient-Keven-6000.5.10" (connect: 4.37s, validation: 0.81s, handshake: 0.02s)
[Licensing::IpcConnector] Successfully connected to: "LicenseClient-Keven-6000.5.10-notifications" at "2026-09-03T21:08:52.0831653Z"
[Licensing::Module] Connected to LicensingClient (PId: 9820, launch time: 0.05, total connection time: 5.21s)
[Licensing::Client] Successfully updated the access token
[Licensing::Module] Successfully updated the access token JruUTROYYG...
[Licensing::Client] Successfully resolved entitlement details
[Licensing::Module] License group:
  Id: 4673641053496-UnityPersXXXX
  Product: Unity Personal
  Type: Assigned
  Expiration: Unlimited
[Licensing::Client] Successfully updated license, isAsync: True, time: 0.01
[Licensing::Client] Successfully resolved entitlement details
[Licensing::Module] Licensing Background thread has ended after 6.83s
[Licensing::Module] Licensing is initialized (took 5.15s).
[Licensing::Client] Successfully resolved entitlement details
Library Redirect Path: Library/
[Physics::Module] Selected backend.
[Physics::Module] Name: PhysX
[Physics::Module] Id: 0xf2b8ea05
[Physics::Module] SDK Version: 4.1.2
[Physics::Module] Integration Version: 1.0.0
[Physics::Module] Threading Mode: Multi-Threaded
Artifact Garbage Collection - Removed 1 unused hashed content files
Refreshing native plugins compatible for Editor in 3.85 ms, found 0 plugins.
Initialize engine version: 6000.5.10f1 (3bd4f66ad299)
[Subsystems] Discovering subsystems at path C:/Program Files/Unity/Hub/Editor/6000.5.10f1/Editor/Data/Resources/UnitySubsystems
[Subsystems] Discovering subsystems at path C:/Users/Keven/My project/Assets
[D3D12 Device Filter] Vendor Name: ATI
[D3D12 Device Filter] Device Name: AMD Radeon(TM) Graphics
[D3D12 Device Filter] Driver Version: 31.0.21925.1001
[D3D12 Device Filter] Feature Level: 12.1
[D3D12 Device Filter] Graphics Memory: 5050 MB
[D3D12 Device Filter] Processor Count: 12
[D3D12 Device Filter] Device Type: Integrated
[D3D12 Device Filter] D3D12 API denied by user filter: {"Vendor": "ATI", "Device Type:": Integrated}
GfxDevice: creating device client; kGfxThreadingModeThreaded
Direct3D:
    Version:  Direct3D 11.0 [level 11.1]
    Renderer: AMD Radeon(TM) Graphics (ID=0x164c)
    Vendor:   ATI
    VRAM:     5050 MB
    Driver:   31.0.21925.1001
Initialize mono
Mono path[0] = 'C:/Program Files/Unity/Hub/Editor/6000.5.10f1/Editor/Data/Managed'
Mono path[1] = 'C:/Program Files/Unity/Hub/Editor/6000.5.10f1/Editor/Data/BCLExtensions/runtime/netstandard2.1'
Mono path[2] = 'C:/Program Files/Unity/Hub/Editor/6000.5.10f1/Editor/Data/MonoBleedingEdge/lib/mono/unityjit-win32'
Mono config path = 'C:/Program Files/Unity/Hub/Editor/6000.5.10f1/Editor/Data/MonoBleedingEdge/etc'
Using monoOptions --debugger-agent=transport=dt_socket,embedding=1,server=y,suspend=n,address=127.0.0.1:56896
CodeReloadManager initialized
ImportWorker Server TCP listen port: 0
AcceleratorClientConnectionCallback - disconnected - :0
Begin MonoManager ReloadAssembly
Registering precompiled unity dll's ...
Register platform support module: C:/Program Files/Unity/Hub/Editor/6000.5.10f1/Editor/Data/PlaybackEngines/WebGLSupport/UnityEditor.WebGL.Extensions.dll
Register platform support module: C:/Program Files/Unity/Hub/Editor/6000.5.10f1/Editor/Data/PlaybackEngines/WindowsStandaloneSupport/UnityEditor.WindowsStandalone.Extensions.dll
Registered in 0.534702 seconds.
Native extension for WindowsStandalone target not found
Native extension for WebGL target not found
Package Manager log level set to [2]
ScheduleIndexationOnStartup MainProcess:False IndexOnStartup:True
Mono: successfully reloaded assembly
- Finished resetting the current domain, in  1.913 seconds
Domain Reload Profiling: 5473ms
	BeginReloadAssembly (410ms)
		CreateAndSetChildDomain (11ms)
	RebuildCommonClasses (9ms)
	RebuildNativeTypeToScriptingClass (250ms)
	initialDomainReloadingComplete (796ms)
	LoadAllAssembliesAndSetupDomain (2091ms)
		LoadAssemblies (399ms)
		AnalyzeDomain (1960ms)
			TypeCache.Refresh (1958ms)
				TypeCache.ScanAssembly (1620ms)
	FinalizeReload (1916ms)
		SetupLoadedEditorAssemblies (0ms)
			InitializePlatformSupportModulesInManaged (8ms)
			BeforeProcessingInitializeOnLoad (334ms)
			ProcessInitializeOnLoadAttributes (249ms)
			ProcessInitializeOnLoadMethodAttributes (1205ms)
[Licensing::Client] Successfully resolved entitlement details
Application.AssetDatabase Initial Refresh Start
[Package Manager] Restoring resolved packages state from cache
[Licensing::Client] Successfully resolved entitlement details
[Package Manager] Registered 63 packages:
  Packages from [https://packages.unity.com]:
    com.unity.ai.assistant@2.18.0-pre.2 (location: C:\Users\Keven\My project\Library\PackageCache\com.unity.ai.assistant@c0127625258e)
    com.unity.ai.inference@2.6.1 (location: C:\Users\Keven\My project\Library\PackageCache\com.unity.ai.inference@9a123aee5df7)
    com.unity.ai.navigation@2.0.14 (location: C:\Users\Keven\My project\Library\PackageCache\com.unity.ai.navigation@134dd6a3b97b)
    com.unity.collab-proxy@2.13.6 (location: C:\Users\Keven\My project\Library\PackageCache\com.unity.collab-proxy@4628d2ba6ea4)
    com.unity.ide.rider@3.0.38 (location: C:\Users\Keven\My project\Library\PackageCache\com.unity.ide.rider@1f60b3138684)
    com.unity.ide.visualstudio@2.0.26 (location: C:\Users\Keven\My project\Library\PackageCache\com.unity.ide.visualstudio@a99d56dec63f)
    com.unity.inputsystem@1.20.0 (location: C:\Users\Keven\My project\Library\PackageCache\com.unity.inputsystem@7a4e1a2a8194)
    com.unity.pipeline@0.5.0-exp.1 (location: C:\Users\Keven\My project\Library\PackageCache\com.unity.pipeline@24975d51528a)
    com.unity.timeline@1.8.13 (location: C:\Users\Keven\My project\Library\PackageCache\com.unity.timeline@3a22918286f5)
    com.unity.visualscripting@1.9.12 (location: C:\Users\Keven\My project\Library\PackageCache\com.unity.visualscripting@4edfcc09512f)
    com.unity.nuget.mono-cecil@1.11.6 (location: C:\Users\Keven\My project\Library\PackageCache\com.unity.nuget.mono-cecil@ecb9724e46ff)
    com.unity.nuget.newtonsoft-json@3.2.2 (location: C:\Users\Keven\My project\Library\PackageCache\com.unity.nuget.newtonsoft-json@4dfd81071c64)
    com.unity.burst@1.8.30 (location: C:\Users\Keven\My project\Library\PackageCache\com.unity.burst@2f3d916873ea)
    com.unity.dt.app-ui@2.1.7 (location: C:\Users\Keven\My project\Library\PackageCache\com.unity.dt.app-ui@b097002a00c2)
    com.unity.searcher@4.9.5 (location: C:\Users\Keven\My project\Library\PackageCache\com.unity.searcher@a463122f2c00)
    com.unity.test-framework.performance@3.5.0 (location: C:\Users\Keven\My project\Library\PackageCache\com.unity.test-framework.performance@8b56083ec0f0)
  Built-in packages:
    com.unity.multiplayer.center@1.0.1 (location: C:\Users\Keven\My project\Library\PackageCache\com.unity.multiplayer.center@b860850997d0)
    com.unity.render-pipelines.universal@17.5.0 (location: C:\Users\Keven\My project\Library\PackageCache\com.unity.render-pipelines.universal@d7774c218bdf)
    com.unity.test-framework@1.7.0 (location: C:\Users\Keven\My project\Library\PackageCache\com.unity.test-framework@1405238725ab)
    com.unity.ugui@2.5.0 (location: C:\Users\Keven\My project\Library\PackageCache\com.unity.ugui@1c4864518158)
    com.unity.modules.accessibility@1.0.0 (location: C:\Users\Keven\My project\Library\PackageCache\com.unity.modules.accessibility)
    com.unity.modules.adaptiveperformance@1.0.0 (location: C:\Users\Keven\My project\Library\PackageCache\com.unity.modules.adaptiveperformance)
    com.unity.modules.ai@1.0.0 (location: C:\Users\Keven\My project\Library\PackageCache\com.unity.modules.ai)
    com.unity.modules.androidjni@1.0.0 (location: C:\Users\Keven\My project\Library\PackageCache\com.unity.modules.androidjni)
    com.unity.modules.animation@1.0.0 (location: C:\Users\Keven\My project\Library\PackageCache\com.unity.modules.animation)
    com.unity.modules.assetbundle@1.0.0 (location: C:\Users\Keven\My project\Library\PackageCache\com.unity.modules.assetbundle)
    com.unity.modules.audio@1.0.0 (location: C:\Users\Keven\My project\Library\PackageCache\com.unity.modules.audio)
    com.unity.modules.cloth@1.0.0 (location: C:\Users\Keven\My project\Library\PackageCache\com.unity.modules.cloth)
    com.unity.modules.director@1.0.0 (location: C:\Users\Keven\My project\Library\PackageCache\com.unity.modules.director)
    com.unity.modules.imageconversion@1.0.0 (location: C:\Users\Keven\My project\Library\PackageCache\com.unity.modules.imageconversion)
    com.unity.modules.imgui@1.0.0 (location: C:\Users\Keven\My project\Library\PackageCache\com.unity.modules.imgui)
    com.unity.modules.jsonserialize@1.0.0 (location: C:\Users\Keven\My project\Library\PackageCache\com.unity.modules.jsonserialize)
    com.unity.modules.particlesystem@1.0.0 (location: C:\Users\Keven\My project\Library\PackageCache\com.unity.modules.particlesystem)
    com.unity.modules.physics@1.0.0 (location: C:\Users\Keven\My project\Library\PackageCache\com.unity.modules.physics)
    com.unity.modules.physics2d@1.0.0 (location: C:\Users\Keven\My project\Library\PackageCache\com.unity.modules.physics2d)
    com.unity.modules.physicscore2d@1.0.0 (location: C:\Users\Keven\My project\Library\PackageCache\com.unity.modules.physicscore2d)
    com.unity.modules.screencapture@1.0.0 (location: C:\Users\Keven\My project\Library\PackageCache\com.unity.modules.screencapture)
    com.unity.modules.terrain@1.0.0 (location: C:\Users\Keven\My project\Library\PackageCache\com.unity.modules.terrain)
    com.unity.modules.terrainphysics@1.0.0 (location: C:\Users\Keven\My project\Library\PackageCache\com.unity.modules.terrainphysics)
    com.unity.modules.tilemap@1.0.0 (location: C:\Users\Keven\My project\Library\PackageCache\com.unity.modules.tilemap)
    com.unity.modules.ui@1.0.0 (location: C:\Users\Keven\My project\Library\PackageCache\com.unity.modules.ui)
    com.unity.modules.uielements@1.0.0 (location: C:\Users\Keven\My project\Library\PackageCache\com.unity.modules.uielements)
    com.unity.modules.umbra@1.0.0 (location: C:\Users\Keven\My project\Library\PackageCache\com.unity.modules.umbra)
    com.unity.modules.unityanalytics@1.0.0 (location: C:\Users\Keven\My project\Library\PackageCache\com.unity.modules.unityanalytics)
    com.unity.modules.unitywebrequest@1.0.0 (location: C:\Users\Keven\My project\Library\PackageCache\com.unity.modules.unitywebrequest)
    com.unity.modules.unitywebrequestassetbundle@1.0.0 (location: C:\Users\Keven\My project\Library\PackageCache\com.unity.modules.unitywebrequestassetbundle)
    com.unity.modules.unitywebrequestaudio@1.0.0 (location: C:\Users\Keven\My project\Library\PackageCache\com.unity.modules.unitywebrequestaudio)
    com.unity.modules.unitywebrequesttexture@1.0.0 (location: C:\Users\Keven\My project\Library\PackageCache\com.unity.modules.unitywebrequesttexture)
    com.unity.modules.unitywebrequestwww@1.0.0 (location: C:\Users\Keven\My project\Library\PackageCache\com.unity.modules.unitywebrequestwww)
    com.unity.modules.vectorgraphics@1.0.0 (location: C:\Users\Keven\My project\Library\PackageCache\com.unity.modules.vectorgraphics)
    com.unity.modules.vehicles@1.0.0 (location: C:\Users\Keven\My project\Library\PackageCache\com.unity.modules.vehicles)
    com.unity.modules.video@1.0.0 (location: C:\Users\Keven\My project\Library\PackageCache\com.unity.modules.video)
    com.unity.modules.wind@1.0.0 (location: C:\Users\Keven\My project\Library\PackageCache\com.unity.modules.wind)
    com.unity.modules.xr@1.0.0 (location: C:\Users\Keven\My project\Library\PackageCache\com.unity.modules.xr)
    com.unity.modules.subsystems@1.0.0 (location: C:\Users\Keven\My project\Library\PackageCache\com.unity.modules.subsystems)
    com.unity.modules.hierarchycore@1.0.0 (location: C:\Users\Keven\My project\Library\PackageCache\com.unity.modules.hierarchycore)
    com.unity.ext.nunit@2.1.0 (location: C:\Users\Keven\My project\Library\PackageCache\com.unity.ext.nunit@44f7d31723bd)
    com.unity.render-pipelines.core@17.5.0 (location: C:\Users\Keven\My project\Library\PackageCache\com.unity.render-pipelines.core@bbba1f0c681e)
    com.unity.shadergraph@17.5.0 (location: C:\Users\Keven\My project\Library\PackageCache\com.unity.shadergraph@8d7376ec43ee)
    com.unity.render-pipelines.universal-config@17.5.0 (location: C:\Users\Keven\My project\Library\PackageCache\com.unity.render-pipelines.universal-config@fdda01c80fe3)
    com.unity.collections@6.5.0 (location: C:\Users\Keven\My project\Library\PackageCache\com.unity.collections@ec2c217e4cb2)
    com.unity.2d.sprite@1.0.0 (location: C:\Users\Keven\My project\Library\PackageCache\com.unity.2d.sprite@053a968eab56)
    com.unity.mathematics@1.4.0 (location: C:\Users\Keven\My project\Library\PackageCache\com.unity.mathematics@981956d94fb6)
[Subsystems] No new subsystems found in resolved package list.
[Package Manager] Done registering packages in 0.05 seconds
info: Microsoft.Hosting.Lifetime[14]
      Now listening on: http://localhost:80
info: Microsoft.Hosting.Lifetime[0]
      Application started. Press Ctrl+C to shut down.
info: Microsoft.Hosting.Lifetime[0]
      Hosting environment: Production
info: Microsoft.Hosting.Lifetime[0]
      Content root path: C:\Users\Keven\My project
info: Microsoft.AspNetCore.Hosting.Diagnostics[1]
      Request starting HTTP/2 POST http://ilpp/UnityILPP.PostProcessing/Ping - application/grpc -
info: Microsoft.AspNetCore.Routing.EndpointMiddleware[0]
      Executing endpoint 'gRPC - /UnityILPP.PostProcessing/Ping'
info: Microsoft.AspNetCore.Routing.EndpointMiddleware[1]
      Executed endpoint 'gRPC - /UnityILPP.PostProcessing/Ping'
info: Microsoft.AspNetCore.Hosting.Diagnostics[2]
      Request finished HTTP/2 POST http://ilpp/UnityILPP.PostProcessing/Ping - 200 - application/grpc 70.2067ms
Refreshing native plugins compatible for Editor in 149.98 ms, found 5 plugins.
Starting: C:\Program Files\Unity\Hub\Editor\6000.5.10f1\Editor\Data\Tools\BuildPipeline\bee_backend.exe --ipc --defer-dag-verification --dagfile="Library/Bee/1900b0aE.dag" --continue-on-failure --profile="Library/Bee/backend1.traceevents" ScriptAssemblies
WorkingDir: C:/Users/Keven/My project
info: Microsoft.AspNetCore.Hosting.Diagnostics[1]
      Request starting HTTP/2 POST http://ilpp/UnityILPP.PostProcessing/ConfigurePostProcessors - application/grpc -
info: Microsoft.AspNetCore.Routing.EndpointMiddleware[0]
      Executing endpoint 'gRPC - /UnityILPP.PostProcessing/ConfigurePostProcessors'
warn: Unity.ILPP.Runner.PostProcessingAssemblyLoadContext[0]
      Assembly system.runtime.interopservices.windowsruntime has duplicate hint path. Ignoring "C:\Program Files\Unity\Hub\Editor\6000.5.10f1\Editor\Data\NetStandard\Extensions\2.0.0\System.Runtime.InteropServices.WindowsRuntime.dll" in favor of "C:\Program Files\Unity\Hub\Editor\6000.5.10f1\Editor\Data\UnityReferenceAssemblies\unity-4.8-api\Facades\System.Runtime.InteropServices.WindowsRuntime.dll"
warn: Unity.ILPP.Runner.PostProcessingAssemblyLoadContext[0]
      Assembly system.componentmodel.composition has duplicate hint path. Ignoring "C:\Program Files\Unity\Hub\Editor\6000.5.10f1\Editor\Data\NetStandard\compat\2.1.0\shims\netfx\System.ComponentModel.Composition.dll" in favor of "C:\Program Files\Unity\Hub\Editor\6000.5.10f1\Editor\Data\UnityReferenceAssemblies\unity-4.8-api\System.ComponentModel.Composition.dll"
info: Unity.ILPP.Runner.PostProcessingAssemblyLoadContext[0]
      Resolved Mono.Cecil, Version=0.11.5.0, Culture=neutral, PublicKeyToken=50cebf1cceb9d05e with Library\PackageCache\com.unity.nuget.mono-cecil@ecb9724e46ff\Mono.Cecil.dll
info: Unity.ILPP.Runner.PostProcessingAssemblyLoadContext[0]
      Resolved Unity.Burst.Cecil, Version=0.11.6.0, Culture=neutral, PublicKeyToken=50cebf1cceb9d05e with Library\PackageCache\com.unity.burst@2f3d916873ea\Unity.Burst.CodeGen\Unity.Burst.Cecil.dll
info: Microsoft.AspNetCore.Routing.EndpointMiddleware[1]
      Executed endpoint 'gRPC - /UnityILPP.PostProcessing/ConfigurePostProcessors'
info: Microsoft.AspNetCore.Hosting.Diagnostics[2]
      Request finished HTTP/2 POST http://ilpp/UnityILPP.PostProcessing/ConfigurePostProcessors - 200 - application/grpc 778.6765ms
ExitCode: 0 Duration: 1s714ms
[1210/1583  0s] ILPP-Configuration Library/ilpp-configuration.nevergeneratedoutput
*** Tundra build success (1.63 seconds), 1 items updated, 1583 evaluated
AssetDatabase: script compilation time: 3.248822s
Begin MonoManager ReloadAssembly
Symbol file LoadedFromMemory is not a mono symbol file
Symbol file LoadedFromMemory is not a mono symbol file
Refreshing native plugins compatible for Editor in 4.47 ms, found 5 plugins.
Native extension for WindowsStandalone target not found
Native extension for WebGL target not found
Refreshing native plugins compatible for Editor in 4.45 ms, found 5 plugins.
Start HTTP server: port:7800
Editor is not in automated mode. Modal Pop up might break continuous command workflow. Start the editor with -automated
UnityEngine.Debug:ExtractStackTraceNoAlloc (byte*,int,string)
UnityEngine.StackTraceUtility:ExtractStackTrace ()
UnityEngine.DebugLogHandler:Internal_Log (UnityEngine.LogType,UnityEngine.LogOption,string,UnityEngine.Object)
UnityEngine.DebugLogHandler:LogFormat (UnityEngine.LogType,UnityEngine.Object,string,object[])
UnityEngine.Logger:Log (UnityEngine.LogType,object)
UnityEngine.Debug:LogWarning (object)
Unity.Pipeline.Editor.EditorPipelineServer:ServerStarted () (at ./Library/PackageCache/com.unity.pipeline@24975d51528a/Editor/EditorPipelineServer.cs:88)
Unity.Pipeline.BasePipelineServer:Start (int) (at ./Library/PackageCache/com.unity.pipeline@24975d51528a/Runtime/Common/BasePipelineServer.cs:237)
Unity.Pipeline.Editor.PipelineServerStartup:StartServer () (at ./Library/PackageCache/com.unity.pipeline@24975d51528a/Editor/EditorPipelineStartup.cs:164)
Unity.Pipeline.Editor.PipelineServerStartup:.cctor () (at ./Library/PackageCache/com.unity.pipeline@24975d51528a/Editor/EditorPipelineStartup.cs:44)
System.Runtime.CompilerServices.RuntimeHelpers:RunClassConstructor (System.RuntimeTypeHandle)
UnityEditor.EditorAssemblies:ProcessInitializeOnLoadAttributes (System.ReadOnlySpan`1<intptr>)

(Filename: ./Library/PackageCache/com.unity.pipeline@24975d51528a/Editor/EditorPipelineServer.cs Line: 88)

[Licensing::Client] Error: Code 404 while processing request (status: Found 0 entitlement groups and 0 free entitlements matching requested entitlement ids)
ScheduleIndexationOnStartup MainProcess:True IndexOnStartup:True
Mono: successfully reloaded assembly
- Finished resetting the current domain, in  9.857 seconds
Domain Reload Profiling: 14936ms
	BeginReloadAssembly (478ms)
		DisableScriptedObjects (62ms)
		CreateAndSetChildDomain (180ms)
	RebuildCommonClasses (11ms)
	RebuildNativeTypeToScriptingClass (22ms)
	initialDomainReloadingComplete (134ms)
	LoadAllAssembliesAndSetupDomain (4433ms)
		LoadAssemblies (3562ms)
		AnalyzeDomain (788ms)
			TypeCache.Refresh (637ms)
				TypeCache.ScanAssembly (607ms)
			BuildScriptInfoCaches (135ms)
			ResolveRequiredComponents (12ms)
	FinalizeReload (9859ms)
		SetupLoadedEditorAssemblies (0ms)
			InitializePlatformSupportModulesInManaged (3ms)
			BeforeProcessingInitializeOnLoad (185ms)
			ProcessInitializeOnLoadAttributes (7539ms)
			ProcessInitializeOnLoadMethodAttributes (589ms)
			AfterProcessingInitializeOnLoad (19ms)
		AwakeInstancesAfterBackupRestoration (41ms)
Starting new worker id: 0 with log in C:/Users/Keven/My project/Logs/AssetImportWorkerHW0.log

Asset Pipeline Refresh (id=956a7bdb92850ca4899c373ab0ee00f6): Total: 40.103 seconds - Initiated by InitialRefreshV2(ForceSynchronousImport)
	(Values over 0.05ms)
	Summary:
		Imports: total=0 (actual=0, local cache=0, cache server=0)
		Asset DB Process Time: managed=0 ms, native=31242 ms
		Asset DB Callback time: managed=169 ms, native=85 ms
		Scripting: domain reloads=1, domain reload time=5232 ms, compile time=3251 ms, other=121 ms
		Project Asset Count: scripts=2203, non-scripts=5375
		Asset File Changes: new=0, changed=0, moved=0, deleted=0
		Scan Filter Count: 0
	InvokePackagesCallback: 88.617ms
	ApplyChangesToAssetFolders: 1.518ms
	Scan: 1378.155ms
	Collect global state as custom dependencies: 63.314ms
	CategorizeScriptCompilationAssets: 5976.583ms
	ProcessAssetsWithTransientArtifactChanges: 172.494ms
	CategorizeAssets: 196.434ms
	CompileScripts: 3250.829ms
	ImportOutOfDateAssets: 10065.597ms (9921.903ms without children)
		ReloadNativeAssets: 0.063ms
		UnloadImportedAssets: 1.056ms
		EnsureUptoDateAssetsAreRegisteredWithGuidPM: 1.642ms
		ImportSchedulerStart: 140.930ms
	PostProcessAllAssets: 169.391ms
		MonoPostProcessAllAssets: 169.229ms
			SyncVS.PostprocessSyncProject 72.905ms
			UniversalRenderPipelineGlobalSettingsPostprocessor.OnPostprocessAllAssets 38.827ms
			SpeedTree9Postprocessor.OnPostprocessAllAssets 6.557ms
			GraphRefreshPostprocessor.OnPostprocessAllAssets 4.614ms
			WindowAssetPostprocessingWatcher.OnPostprocessAllAssets 3.645ms
			RenderPipelineGlobalSettingsPostprocessor.OnPostprocessAllAssets 2.528ms
			AssetChangeDetector.OnPostprocessAllAssets 2.478ms
			EditModeScopePostprocessor.OnPostprocessAllAssets 1.849ms
			InputActionAssetPostprocessor.OnPostprocessAllAssets 1.653ms
			ShaderReflectionAssetPostProcessor.OnPostprocessAllAssets 0.972ms
			ProjectSettingsPostprocessor.OnPostprocessAllAssets 0.843ms
			TerrainToolbarOverlayPostProcessor.OnPostprocessAllAssets 0.796ms
			ReferencedClipsPostProcessor.OnPostprocessAllAssets 0.769ms
			AssetDatabaseCallbacks.OnPostprocessAllAssets 0.356ms
	UnloadStreamsBegin: 9.314ms
	PersistCurrentRevisions: 0.507ms
	GenerateScriptTypeHashes: 4.055ms
	GenerateScriptTypeSerializationHashes: 6.752ms
	Untracked: 18721.260ms

Application.AssetDatabase Initial Refresh End
Launched and connected shader compiler UnityShaderCompiler.exe after 0.05 seconds
Scanning for USB devices : 14.293ms
Initializing Unity extensions:
Worker ready: AssetImportWorkerHW0 0
[MODES] ModeService[none].Initialize
[MODES] ModeService[none].LoadModes
[MODES] Loading mode Default (0) for mode-current-id-My project
Unloading 71 Unused Serialized files (Serialized files now loaded: 0)
Loaded scene 'Assets/Scenes/Main.unity'
	Deserialize:            233.189 ms
	Integration:            1249.407 ms
	Integration of assets:  35.916 ms
	Thread Wait Time:       -0.845 ms
	Total Operation Time:   1517.668 ms
[Licensing::Client] Successfully resolved entitlement details
Unloading 10525 unused Assets / (15.9 MB). Loaded Objects now: 11697.
Memory consumption went from 0.61 GB to 0.59 GB.
Total: 109.049500 ms (FindLiveObjects: 3.386300 ms CreateObjectMapping: 5.190000 ms MarkObjects: 81.211200 ms  DeleteObjects: 18.982000 ms)

[LAYOUT] About to load UserSettings\Layouts\default-6000.dwlt, keepMainWindow=False
[LAYOUT] About to save layout C:\Users\Keven\My project\UserSettings\Layouts\default-6000.dwlt
[LAYOUT] About to save layout C:/Users/Keven/AppData/Roaming/Unity/Editor-5.x/Preferences\Layouts\current\default-6000.dwlt
[MODES] ModeService[default].InitializeCurrentMode
[MODES] ModeService[default].RaiseModeChanged(default, default)
This project uses Input Manager, which is marked for deprecation. To manage input in your project, use the <a href="https://docs.unity3d.com/Packages/com.unity.inputsystem@latest">Input System package</a> instead.
<RI> Initializing input.
Using Windows.Gaming.Input
<RI> Input initialized.
D3D11 device created for Microsoft Media Foundation video decoding.
[Project] Loading completed in 83.011 seconds
	Project init time: 				75.910 seconds
		Template init time: 		0.000 seconds
		Package Manager init time: 		5.551 seconds
		Asset Database init time: 		1.098 seconds
		Global illumination init time: 	0.015 seconds
		Assemblies load time: 			15.022 seconds
		Unity extensions init time: 	1.192 seconds
		Asset Database refresh time: 	40.105 seconds
	Scene opening time: 			6.830 seconds
##utp:{"type":"ProjectInfo","version":2,"phase":"Immediate","time":1788469808348,"processId":8896,"projectLoad":83.0107269,"projectInit":75.9095098,"templateInit":0.0,"packageManagerInit":5.5509339,"assetDatabaseInit":1.0981309,"globalIlluminationInit":0.0146843,"assembliesLoad":15.0222993,"unityExtensionsInit":1.1917301,"assetDatabaseRefresh":40.1050861,"sceneOpening":6.8295614}
##utp:{"type":"EditorInfo","version":2,"phase":"Immediate","time":1788469808349,"processId":8896,"editorVersion":"6000.5.10f1 (3bd4f66ad299)","branch":"6000.5/staging","buildType":"Release","platform":"Windows"}
[Licensing::Client] Successfully resolved entitlement details
Default audio device was changed, but the audio system failed to initialize it. Attempting to reset sound system.

Asset Pipeline Refresh (id=9588f98d9eadc2b40af5f9c7dab3d8ce): Total: 0.386 seconds - Initiated by RefreshV2(AllowForceSynchronousImport)
	(Values over 0.05ms)
	Summary:
		Imports: total=0 (actual=0, local cache=0, cache server=0)
		Asset DB Process Time: managed=0 ms, native=384 ms
		Asset DB Callback time: managed=0 ms, native=1 ms
		Scripting: domain reloads=0, domain reload time=0 ms, compile time=0 ms, other=0 ms
		Project Asset Count: scripts=2203, non-scripts=5375
		Asset File Changes: new=0, changed=0, moved=0, deleted=0
		Scan Filter Count: 0
	InvokeCustomDependenciesCallbacks: 0.258ms
	InvokePackagesCallback: 2.143ms
	ApplyChangesToAssetFolders: 0.675ms
	Scan: 41.410ms
	Collect global state as custom dependencies: 2.295ms
	ProcessAssetsWithTransientArtifactChanges: 5.500ms
	CategorizeAssets: 85.743ms
	CompileScripts: 0.062ms
	ImportOutOfDateAssets: 104.265ms (21.759ms without children)
		ReloadNativeAssets: 0.069ms
		UnloadImportedAssets: 0.112ms
		EnsureUptoDateAssetsAreRegisteredWithGuidPM: 1.336ms
		ImportSchedulerStart: 80.986ms
	GatherAllCurrentPrimaryImportResultRevisions: 5.412ms
	UnloadStreamsBegin: 1.977ms
	PersistCurrentRevisions: 0.280ms
	Untracked: 129.919ms

Created GICache directory at C:/Users/Keven/AppData/LocalLow/Unity/Caches/GiCache. Took: 0.056s, timestamps: [87.169 - 87.225]
[Licensing::Client] Successfully resolved entitlement details
[Licensing::Client] Successfully resolved entitlement details
[Licensing::Client] Successfully resolved entitlement details
[Licensing::Client] Successfully resolved entitlement details
[Licensing::Client] Successfully updated the access token
[Licensing::Module] Successfully updated access token: "JruUTROY"... (expires: 2026-09-03T23:05:05Z)
[Licensing::Client] Successfully resolved entitlement details
UPID Received 'f2c00382-0b97-489b-8784-dfb113b40c20'.
[Licensing::Client] Successfully resolved entitlement details
[Licensing::Client] Error: Code 404 while processing request (status: Found 0 entitlement groups and 0 free entitlements matching requested entitlement ids)
[Licensing::Client] Error: Code 404 while processing request (status: Found 0 entitlement groups and 0 free entitlements matching requested entitlement ids)
[Licensing::Client] Error: Code 404 while processing request (status: Found 0 entitlement groups and 0 free entitlements matching requested entitlement ids)
[Licensing::Client] Error: Code 404 while processing request (status: Found 0 entitlement groups and 0 free entitlements matching requested entitlement ids)
[Licensing::Client] Error: Code 404 while processing request (status: Found 0 entitlement groups and 0 free entitlements matching requested entitlement ids)
[Licensing::Client] Error: Code 404 while processing request (status: Found 0 entitlement groups and 0 free entitlements matching requested entitlement ids)
[Licensing::Client] Error: Code 404 while processing request (status: Found 0 entitlement groups and 0 free entitlements matching requested entitlement ids)
[Licensing::Client] Error: Code 404 while processing request (status: Found 0 entitlement groups and 0 free entitlements matching requested entitlement ids)
[Licensing::Client] Error: Code 404 while processing request (status: Found 0 entitlement groups and 0 free entitlements matching requested entitlement ids)
[Licensing::Client] Error: Code 404 while processing request (status: Found 0 entitlement groups and 0 free entitlements matching requested entitlement ids)
[Licensing::Client] Error: Code 404 while processing request (status: Found 0 entitlement groups and 0 free entitlements matching requested entitlement ids)
[Licensing::Client] Error: Code 404 while processing request (status: Found 0 entitlement groups and 0 free entitlements matching requested entitlement ids)
[Licensing::Client] Error: Code 404 while processing request (status: Found 0 entitlement groups and 0 free entitlements matching requested entitlement ids)
[Licensing::Client] Error: Code 404 while processing request (status: Found 0 entitlement groups and 0 free entitlements matching requested entitlement ids)
Error reason is 'NoSubscription' and no additional error information was provided (https://generators.ai.unity.com).
UnityEngine.Debug:ExtractStackTraceNoAlloc (byte*,int,string)
UnityEngine.StackTraceUtility:ExtractStackTrace ()
UnityEngine.DebugLogHandler:Internal_Log (UnityEngine.LogType,UnityEngine.LogOption,string,UnityEngine.Object)
UnityEngine.DebugLogHandler:LogFormat (UnityEngine.LogType,UnityEngine.Object,string,object[])
UnityEngine.Logger:Log (UnityEngine.LogType,object)
UnityEngine.Debug:Log (object)
Unity.AI.ModelSelector.Services.Stores.Actions.ModelSelectorSuperProxyActions/<>c/<<-cctor>b__8_0>d:MoveNext () (at ./Library/PackageCache/com.unity.ai.assistant@c0127625258e/Modules/Unity.AI.ModelSelector/Services/Stores/Actions/ModelSelectorSuperProxyActions.cs:495)
System.Runtime.CompilerServices.AsyncMethodBuilderCore/MoveNextRunner:InvokeMoveNext (object)
System.Threading.ExecutionContext:RunInternal (System.Threading.ExecutionContext,System.Threading.ContextCallback,object,bool)
System.Threading.ExecutionContext:Run (System.Threading.ExecutionContext,System.Threading.ContextCallback,object,bool)
System.Runtime.CompilerServices.AsyncMethodBuilderCore/MoveNextRunner:Run ()
System.Threading.Tasks.AwaitTaskContinuation:InvokeAction (object)
System.Threading.Tasks.AwaitTaskContinuation:RunCallback (System.Threading.ContextCallback,object,System.Threading.Tasks.Task&)
System.Threading.Tasks.SynchronizationContextAwaitTaskContinuation:Run (System.Threading.Tasks.Task,bool)
System.Threading.Tasks.Task:FinishContinuations ()
System.Threading.Tasks.Task:FinishStageThree ()
System.Threading.Tasks.Task`1<AiEditorToolsSdk.Components.Common.Responses.Wrappers.OperationResult`1<AiEditorToolsSdk.Components.GenerativeModels.Responses.ModelListV2.ModelListFullResult>>:TrySetResult (AiEditorToolsSdk.Components.Common.Responses.Wrappers.OperationResult`1<AiEditorToolsSdk.Components.GenerativeModels.Responses.ModelListV2.ModelListFullResult>)
System.Runtime.CompilerServices.AsyncTaskMethodBuilder`1<AiEditorToolsSdk.Components.Common.Responses.Wrappers.OperationResult`1<AiEditorToolsSdk.Components.GenerativeModels.Responses.ModelListV2.ModelListFullResult>>:SetResult (AiEditorToolsSdk.Components.Common.Responses.Wrappers.OperationResult`1<AiEditorToolsSdk.Components.GenerativeModels.Responses.ModelListV2.ModelListFullResult>)
AiEditorToolsSdk.Components.GenerativeModels.GenerativeModelsComponentV2/<GetModelsAsync>d__5:MoveNext ()
System.Runtime.CompilerServices.AsyncMethodBuilderCore/MoveNextRunner:InvokeMoveNext (object)
System.Threading.ExecutionContext:RunInternal (System.Threading.ExecutionContext,System.Threading.ContextCallback,object,bool)
System.Threading.ExecutionContext:Run (System.Threading.ExecutionContext,System.Threading.ContextCallback,object,bool)
System.Runtime.CompilerServices.AsyncMethodBuilderCore/MoveNextRunner:Run ()
System.Threading.Tasks.AwaitTaskContinuation:InvokeAction (object)
System.Threading.Tasks.AwaitTaskContinuation:RunCallback (System.Threading.ContextCallback,object,System.Threading.Tasks.Task&)
System.Threading.Tasks.SynchronizationContextAwaitTaskContinuation:Run (System.Threading.Tasks.Task,bool)
System.Threading.Tasks.Task:FinishContinuations ()
System.Threading.Tasks.Task:FinishStageThree ()
System.Threading.Tasks.Task`1<AiEditorToolsSdk.Components.Common.Responses.Wrappers.OperationResult`1<AiEditorToolsSdk.Components.GenerativeModels.Responses.ModelListV2.ModelListFullResult>>:TrySetResult (AiEditorToolsSdk.Components.Common.Responses.Wrappers.OperationResult`1<AiEditorToolsSdk.Components.GenerativeModels.Responses.ModelListV2.ModelListFullResult>)
System.Runtime.CompilerServices.AsyncTaskMethodBuilder`1<AiEditorToolsSdk.Components.Common.Responses.Wrappers.OperationResult`1<AiEditorToolsSdk.Components.GenerativeModels.Responses.ModelListV2.ModelListFullResult>>:SetResult (AiEditorToolsSdk.Components.Common.Responses.Wrappers.OperationResult`1<AiEditorToolsSdk.Components.GenerativeModels.Responses.ModelListV2.ModelListFullResult>)
AiEditorToolsSdk.Application.InternalServices.SdkOperation.SdkOperationService/<ExecuteRequest>d__4`1<AiEditorToolsSdk.Components.GenerativeModels.Responses.ModelListV2.ModelListFullResult>:MoveNext ()
System.Runtime.CompilerServices.AsyncMethodBuilderCore/MoveNextRunner:InvokeMoveNext (object)
System.Threading.ExecutionContext:RunInternal (System.Threading.ExecutionContext,System.Threading.ContextCallback,object,bool)
System.Threading.ExecutionContext:Run (System.Threading.ExecutionContext,System.Threading.ContextCallback,object,bool)
System.Runtime.CompilerServices.AsyncMethodBuilderCore/MoveNextRunner:Run ()
System.Threading.Tasks.AwaitTaskContinuation:InvokeAction (object)
System.Threading.Tasks.AwaitTaskContinuation:RunCallback (System.Threading.ContextCallback,object,System.Threading.Tasks.Task&)
System.Threading.Tasks.SynchronizationContextAwaitTaskContinuation:Run (System.Threading.Tasks.Task,bool)
System.Threading.Tasks.Task:FinishContinuations ()
System.Threading.Tasks.Task:FinishStageThree ()
System.Threading.Tasks.Task`1<AiEditorToolsSdk.Components.Common.Responses.Wrappers.OperationResult`1<AiEditorToolsSdk.Components.GenerativeModels.Responses.ModelListV2.ModelListFullResult>>:TrySetResult (AiEditorToolsSdk.Components.Common.Responses.Wrappers.OperationResult`1<AiEditorToolsSdk.Components.GenerativeModels.Responses.ModelListV2.ModelListFullResult>)
System.Runtime.CompilerServices.AsyncTaskMethodBuilder`1<AiEditorToolsSdk.Components.Common.Responses.Wrappers.OperationResult`1<AiEditorToolsSdk.Components.GenerativeModels.Responses.ModelListV2.ModelListFullResult>>:SetResult (AiEditorToolsSdk.Components.Common.Responses.Wrappers.OperationResult`1<AiEditorToolsSdk.Components.GenerativeModels.Responses.ModelListV2.ModelListFullResult>)
AiEditorToolsSdk.Application.Gateways.GenerativeModels.V2.GenerativeModelsGatewayV2/<GetModelsAsync>d__4:MoveNext ()
System.Runtime.CompilerServices.AsyncMethodBuilderCore/MoveNextRunner:InvokeMoveNext (object)
System.Threading.ExecutionContext:RunInternal (System.Threading.ExecutionContext,System.Threading.ContextCallback,object,bool)
System.Threading.ExecutionContext:Run (System.Threading.ExecutionContext,System.Threading.ContextCallback,object,bool)
System.Runtime.CompilerServices.AsyncMethodBuilderCore/MoveNextRunner:Run ()
System.Threading.Tasks.AwaitTaskContinuation:InvokeAction (object)
System.Threading.Tasks.AwaitTaskContinuation:RunCallback (System.Threading.ContextCallback,object,System.Threading.Tasks.Task&)
System.Threading.Tasks.SynchronizationContextAwaitTaskContinuation:Run (System.Threading.Tasks.Task,bool)
System.Threading.Tasks.Task:FinishContinuations ()
System.Threading.Tasks.Task:FinishStageThree ()
System.Threading.Tasks.Task`1<AiEditorToolsSdk.Domain.Core.Results.Result`2<SuperProxyClientV1Namespace.ModelListFullResponse, AiEditorToolsSdk.Domain.Core.Errors.ApiError>>:TrySetResult (AiEditorToolsSdk.Domain.Core.Results.Result`2<SuperProxyClientV1Namespace.ModelListFullResponse, AiEditorToolsSdk.Domain.Core.Errors.ApiError>)
System.Runtime.CompilerServices.AsyncTaskMethodBuilder`1<AiEditorToolsSdk.Domain.Core.Results.Result`2<SuperProxyClientV1Namespace.ModelListFullResponse, AiEditorToolsSdk.Domain.Core.Errors.ApiError>>:SetResult (AiEditorToolsSdk.Domain.Core.Results.Result`2<SuperProxyClientV1Namespace.ModelListFullResponse, AiEditorToolsSdk.Domain.Core.Errors.ApiError>)
AiEditorToolsSdk.Application.InternalServices.ApiClientProcessor.ApiClientProcessorService/<ProcessApiRequest>d__5`1<SuperProxyClientV1Namespace.ModelListFullResponse>:MoveNext ()
System.Runtime.CompilerServices.AsyncMethodBuilderCore/MoveNextRunner:InvokeMoveNext (object)
System.Threading.ExecutionContext:RunInternal (System.Threading.ExecutionContext,System.Threading.ContextCallback,object,bool)
System.Threading.ExecutionContext:Run (System.Threading.ExecutionContext,System.Threading.ContextCallback,object,bool)
System.Runtime.CompilerServices.AsyncMethodBuilderCore/MoveNextRunner:Run ()
System.Threading.Tasks.AwaitTaskContinuation:InvokeAction (object)
System.Threading.Tasks.AwaitTaskContinuation:RunCallback (System.Threading.ContextCallback,object,System.Threading.Tasks.Task&)
System.Threading.Tasks.SynchronizationContextAwaitTaskContinuation:Run (System.Threading.Tasks.Task,bool)
System.Threading.Tasks.Task:FinishContinuations ()
System.Threading.Tasks.Task:FinishStageThree ()
System.Threading.Tasks.Task`1<AiEditorToolsSdk.Domain.Core.Results.Result`2<SuperProxyClientV1Namespace.ModelListFullResponse, AiEditorToolsSdk.Domain.Core.Errors.ApiError>>:TrySetResult (AiEditorToolsSdk.Domain.Core.Results.Result`2<SuperProxyClientV1Namespace.ModelListFullResponse, AiEditorToolsSdk.Domain.Core.Errors.ApiError>)
System.Runtime.CompilerServices.AsyncTaskMethodBuilder`1<AiEditorToolsSdk.Domain.Core.Results.Result`2<SuperProxyClientV1Namespace.ModelListFullResponse, AiEditorToolsSdk.Domain.Core.Errors.ApiError>>:SetResult (AiEditorToolsSdk.Domain.Core.Results.Result`2<SuperProxyClientV1Namespace.ModelListFullResponse, AiEditorToolsSdk.Domain.Core.Errors.ApiError>)
AiEditorToolsSdk.Application.InternalServices.ApiClientProcessor.ApiClientProcessorService/<ProcessApiRequestImpl>d__6`1<SuperProxyClientV1Namespace.ModelListFullResponse>:MoveNext ()
System.Runtime.CompilerServices.AsyncMethodBuilderCore/MoveNextRunner:InvokeMoveNext (object)
System.Threading.ExecutionContext:RunInternal (System.Threading.ExecutionContext,System.Threading.ContextCallback,object,bool)
System.Threading.ExecutionContext:Run (System.Threading.ExecutionContext,System.Threading.ContextCallback,object,bool)
System.Runtime.CompilerServices.AsyncMethodBuilderCore/MoveNextRunner:Run ()
System.Threading.Tasks.AwaitTaskContinuation:InvokeAction (object)
System.Threading.Tasks.AwaitTaskContinuation:RunCallback (System.Threading.ContextCallback,object,System.Threading.Tasks.Task&)
System.Threading.Tasks.SynchronizationContextAwaitTaskContinuation:Run (System.Threading.Tasks.Task,bool)
System.Threading.Tasks.Task:FinishContinuations ()
System.Threading.Tasks.Task:FinishStageThree ()
System.Threading.Tasks.Task:FinishStageTwo ()
System.Threading.Tasks.Task:Finish (bool)
System.Threading.Tasks.Task:TrySetException (object)
System.Runtime.CompilerServices.AsyncTaskMethodBuilder`1<SuperProxyClientV1Namespace.ModelListFullResponse>:SetException (System.Exception)
AiEditorToolsSdk.Application.Gateways.GenerativeModels.V2.GenerativeModelsGatewayV2/<>c__DisplayClass4_0/<<GetModelsAsync>b__0>d:MoveNext ()
System.Runtime.CompilerServices.AsyncMethodBuilderCore/MoveNextRunner:InvokeMoveNext (object)
System.Threading.ExecutionContext:RunInternal (System.Threading.ExecutionContext,System.Threading.ContextCallback,object,bool)
System.Threading.ExecutionContext:Run (System.Threading.ExecutionContext,System.Threading.ContextCallback,object,bool)
System.Runtime.CompilerServices.AsyncMethodBuilderCore/MoveNextRunner:Run ()
System.Threading.Tasks.SynchronizationContextAwaitTaskContinuation/<>c:<.cctor>b__7_0 (object)
UnityEngine.UnitySynchronizationContext/WorkRequest:Invoke ()
UnityEngine.UnitySynchronizationContext:Exec ()
UnityEngine.UnitySynchronizationContext:ExecuteTasks ()

(Filename: ./Library/PackageCache/com.unity.ai.assistant@c0127625258e/Modules/Unity.AI.ModelSelector/Services/Stores/Actions/ModelSelectorSuperProxyActions.cs Line: 495)

Error reason is 'NoSubscription' and no additional error information was provided (https://generators.ai.unity.com).
UnityEngine.Debug:ExtractStackTraceNoAlloc (byte*,int,string)
UnityEngine.StackTraceUtility:ExtractStackTrace ()
UnityEngine.DebugLogHandler:Internal_Log (UnityEngine.LogType,UnityEngine.LogOption,string,UnityEngine.Object)
UnityEngine.DebugLogHandler:LogFormat (UnityEngine.LogType,UnityEngine.Object,string,object[])
UnityEngine.Logger:Log (UnityEngine.LogType,object)
UnityEngine.Debug:Log (object)
Unity.AI.ModelSelector.Services.Stores.Actions.ModelSelectorSuperProxyActions/<>c/<<-cctor>b__8_0>d:MoveNext () (at ./Library/PackageCache/com.unity.ai.assistant@c0127625258e/Modules/Unity.AI.ModelSelector/Services/Stores/Actions/ModelSelectorSuperProxyActions.cs:495)
System.Runtime.CompilerServices.AsyncMethodBuilderCore/MoveNextRunner:InvokeMoveNext (object)
System.Threading.ExecutionContext:RunInternal (System.Threading.ExecutionContext,System.Threading.ContextCallback,object,bool)
System.Threading.ExecutionContext:Run (System.Threading.ExecutionContext,System.Threading.ContextCallback,object,bool)
System.Runtime.CompilerServices.AsyncMethodBuilderCore/MoveNextRunner:Run ()
System.Threading.Tasks.AwaitTaskContinuation:InvokeAction (object)
System.Threading.Tasks.AwaitTaskContinuation:RunCallback (System.Threading.ContextCallback,object,System.Threading.Tasks.Task&)
System.Threading.Tasks.SynchronizationContextAwaitTaskContinuation:Run (System.Threading.Tasks.Task,bool)
System.Threading.Tasks.Task:FinishContinuations ()
System.Threading.Tasks.Task:FinishStageThree ()
System.Threading.Tasks.Task`1<AiEditorToolsSdk.Components.Common.Responses.Wrappers.OperationResult`1<AiEditorToolsSdk.Components.GenerativeModels.Responses.ModelListV2.ModelListFullResult>>:TrySetResult (AiEditorToolsSdk.Components.Common.Responses.Wrappers.OperationResult`1<AiEditorToolsSdk.Components.GenerativeModels.Responses.ModelListV2.ModelListFullResult>)
System.Runtime.CompilerServices.AsyncTaskMethodBuilder`1<AiEditorToolsSdk.Components.Common.Responses.Wrappers.OperationResult`1<AiEditorToolsSdk.Components.GenerativeModels.Responses.ModelListV2.ModelListFullResult>>:SetResult (AiEditorToolsSdk.Components.Common.Responses.Wrappers.OperationResult`1<AiEditorToolsSdk.Components.GenerativeModels.Responses.ModelListV2.ModelListFullResult>)
AiEditorToolsSdk.Components.GenerativeModels.GenerativeModelsComponentV2/<GetModelsAsync>d__5:MoveNext ()
System.Runtime.CompilerServices.AsyncMethodBuilderCore/MoveNextRunner:InvokeMoveNext (object)
System.Threading.ExecutionContext:RunInternal (System.Threading.ExecutionContext,System.Threading.ContextCallback,object,bool)
System.Threading.ExecutionContext:Run (System.Threading.ExecutionContext,System.Threading.ContextCallback,object,bool)
System.Runtime.CompilerServices.AsyncMethodBuilderCore/MoveNextRunner:Run ()
System.Threading.Tasks.AwaitTaskContinuation:InvokeAction (object)
System.Threading.Tasks.AwaitTaskContinuation:RunCallback (System.Threading.ContextCallback,object,System.Threading.Tasks.Task&)
System.Threading.Tasks.SynchronizationContextAwaitTaskContinuation:Run (System.Threading.Tasks.Task,bool)
System.Threading.Tasks.Task:FinishContinuations ()
System.Threading.Tasks.Task:FinishStageThree ()
System.Threading.Tasks.Task`1<AiEditorToolsSdk.Components.Common.Responses.Wrappers.OperationResult`1<AiEditorToolsSdk.Components.GenerativeModels.Responses.ModelListV2.ModelListFullResult>>:TrySetResult (AiEditorToolsSdk.Components.Common.Responses.Wrappers.OperationResult`1<AiEditorToolsSdk.Components.GenerativeModels.Responses.ModelListV2.ModelListFullResult>)
System.Runtime.CompilerServices.AsyncTaskMethodBuilder`1<AiEditorToolsSdk.Components.Common.Responses.Wrappers.OperationResult`1<AiEditorToolsSdk.Components.GenerativeModels.Responses.ModelListV2.ModelListFullResult>>:SetResult (AiEditorToolsSdk.Components.Common.Responses.Wrappers.OperationResult`1<AiEditorToolsSdk.Components.GenerativeModels.Responses.ModelListV2.ModelListFullResult>)
AiEditorToolsSdk.Application.InternalServices.SdkOperation.SdkOperationService/<ExecuteRequest>d__4`1<AiEditorToolsSdk.Components.GenerativeModels.Responses.ModelListV2.ModelListFullResult>:MoveNext ()
System.Runtime.CompilerServices.AsyncMethodBuilderCore/MoveNextRunner:InvokeMoveNext (object)
System.Threading.ExecutionContext:RunInternal (System.Threading.ExecutionContext,System.Threading.ContextCallback,object,bool)
System.Threading.ExecutionContext:Run (System.Threading.ExecutionContext,System.Threading.ContextCallback,object,bool)
System.Runtime.CompilerServices.AsyncMethodBuilderCore/MoveNextRunner:Run ()
System.Threading.Tasks.AwaitTaskContinuation:InvokeAction (object)
System.Threading.Tasks.AwaitTaskContinuation:RunCallback (System.Threading.ContextCallback,object,System.Threading.Tasks.Task&)
System.Threading.Tasks.SynchronizationContextAwaitTaskContinuation:Run (System.Threading.Tasks.Task,bool)
System.Threading.Tasks.Task:FinishContinuations ()
System.Threading.Tasks.Task:FinishStageThree ()
System.Threading.Tasks.Task`1<AiEditorToolsSdk.Components.Common.Responses.Wrappers.OperationResult`1<AiEditorToolsSdk.Components.GenerativeModels.Responses.ModelListV2.ModelListFullResult>>:TrySetResult (AiEditorToolsSdk.Components.Common.Responses.Wrappers.OperationResult`1<AiEditorToolsSdk.Components.GenerativeModels.Responses.ModelListV2.ModelListFullResult>)
System.Runtime.CompilerServices.AsyncTaskMethodBuilder`1<AiEditorToolsSdk.Components.Common.Responses.Wrappers.OperationResult`1<AiEditorToolsSdk.Components.GenerativeModels.Responses.ModelListV2.ModelListFullResult>>:SetResult (AiEditorToolsSdk.Components.Common.Responses.Wrappers.OperationResult`1<AiEditorToolsSdk.Components.GenerativeModels.Responses.ModelListV2.ModelListFullResult>)
AiEditorToolsSdk.Application.Gateways.GenerativeModels.V2.GenerativeModelsGatewayV2/<GetModelsAsync>d__4:MoveNext ()
System.Runtime.CompilerServices.AsyncMethodBuilderCore/MoveNextRunner:InvokeMoveNext (object)
System.Threading.ExecutionContext:RunInternal (System.Threading.ExecutionContext,System.Threading.ContextCallback,object,bool)
System.Threading.ExecutionContext:Run (System.Threading.ExecutionContext,System.Threading.ContextCallback,object,bool)
System.Runtime.CompilerServices.AsyncMethodBuilderCore/MoveNextRunner:Run ()
System.Threading.Tasks.AwaitTaskContinuation:InvokeAction (object)
System.Threading.Tasks.AwaitTaskContinuation:RunCallback (System.Threading.ContextCallback,object,System.Threading.Tasks.Task&)
System.Threading.Tasks.SynchronizationContextAwaitTaskContinuation:Run (System.Threading.Tasks.Task,bool)
System.Threading.Tasks.Task:FinishContinuations ()
System.Threading.Tasks.Task:FinishStageThree ()
System.Threading.Tasks.Task`1<AiEditorToolsSdk.Domain.Core.Results.Result`2<SuperProxyClientV1Namespace.ModelListFullResponse, AiEditorToolsSdk.Domain.Core.Errors.ApiError>>:TrySetResult (AiEditorToolsSdk.Domain.Core.Results.Result`2<SuperProxyClientV1Namespace.ModelListFullResponse, AiEditorToolsSdk.Domain.Core.Errors.ApiError>)
System.Runtime.CompilerServices.AsyncTaskMethodBuilder`1<AiEditorToolsSdk.Domain.Core.Results.Result`2<SuperProxyClientV1Namespace.ModelListFullResponse, AiEditorToolsSdk.Domain.Core.Errors.ApiError>>:SetResult (AiEditorToolsSdk.Domain.Core.Results.Result`2<SuperProxyClientV1Namespace.ModelListFullResponse, AiEditorToolsSdk.Domain.Core.Errors.ApiError>)
AiEditorToolsSdk.Application.InternalServices.ApiClientProcessor.ApiClientProcessorService/<ProcessApiRequest>d__5`1<SuperProxyClientV1Namespace.ModelListFullResponse>:MoveNext ()
System.Runtime.CompilerServices.AsyncMethodBuilderCore/MoveNextRunner:InvokeMoveNext (object)
System.Threading.ExecutionContext:RunInternal (System.Threading.ExecutionContext,System.Threading.ContextCallback,object,bool)
System.Threading.ExecutionContext:Run (System.Threading.ExecutionContext,System.Threading.ContextCallback,object,bool)
System.Runtime.CompilerServices.AsyncMethodBuilderCore/MoveNextRunner:Run ()
System.Threading.Tasks.AwaitTaskContinuation:InvokeAction (object)
System.Threading.Tasks.AwaitTaskContinuation:RunCallback (System.Threading.ContextCallback,object,System.Threading.Tasks.Task&)
System.Threading.Tasks.SynchronizationContextAwaitTaskContinuation:Run (System.Threading.Tasks.Task,bool)
System.Threading.Tasks.Task:FinishContinuations ()
System.Threading.Tasks.Task:FinishStageThree ()
System.Threading.Tasks.Task`1<AiEditorToolsSdk.Domain.Core.Results.Result`2<SuperProxyClientV1Namespace.ModelListFullResponse, AiEditorToolsSdk.Domain.Core.Errors.ApiError>>:TrySetResult (AiEditorToolsSdk.Domain.Core.Results.Result`2<SuperProxyClientV1Namespace.ModelListFullResponse, AiEditorToolsSdk.Domain.Core.Errors.ApiError>)
System.Runtime.CompilerServices.AsyncTaskMethodBuilder`1<AiEditorToolsSdk.Domain.Core.Results.Result`2<SuperProxyClientV1Namespace.ModelListFullResponse, AiEditorToolsSdk.Domain.Core.Errors.ApiError>>:SetResult (AiEditorToolsSdk.Domain.Core.Results.Result`2<SuperProxyClientV1Namespace.ModelListFullResponse, AiEditorToolsSdk.Domain.Core.Errors.ApiError>)
AiEditorToolsSdk.Application.InternalServices.ApiClientProcessor.ApiClientProcessorService/<ProcessApiRequestImpl>d__6`1<SuperProxyClientV1Namespace.ModelListFullResponse>:MoveNext ()
System.Runtime.CompilerServices.AsyncMethodBuilderCore/MoveNextRunner:InvokeMoveNext (object)
System.Threading.ExecutionContext:RunInternal (System.Threading.ExecutionContext,System.Threading.ContextCallback,object,bool)
System.Threading.ExecutionContext:Run (System.Threading.ExecutionContext,System.Threading.ContextCallback,object,bool)
System.Runtime.CompilerServices.AsyncMethodBuilderCore/MoveNextRunner:Run ()
System.Threading.Tasks.AwaitTaskContinuation:InvokeAction (object)
System.Threading.Tasks.AwaitTaskContinuation:RunCallback (System.Threading.ContextCallback,object,System.Threading.Tasks.Task&)
System.Threading.Tasks.SynchronizationContextAwaitTaskContinuation:Run (System.Threading.Tasks.Task,bool)
System.Threading.Tasks.Task:FinishContinuations ()
System.Threading.Tasks.Task:FinishStageThree ()
System.Threading.Tasks.Task:FinishStageTwo ()
System.Threading.Tasks.Task:Finish (bool)
System.Threading.Tasks.Task:TrySetException (object)
System.Runtime.CompilerServices.AsyncTaskMethodBuilder`1<SuperProxyClientV1Namespace.ModelListFullResponse>:SetException (System.Exception)
AiEditorToolsSdk.Application.Gateways.GenerativeModels.V2.GenerativeModelsGatewayV2/<>c__DisplayClass4_0/<<GetModelsAsync>b__0>d:MoveNext ()
System.Runtime.CompilerServices.AsyncMethodBuilderCore/MoveNextRunner:InvokeMoveNext (object)
System.Threading.ExecutionContext:RunInternal (System.Threading.ExecutionContext,System.Threading.ContextCallback,object,bool)
System.Threading.ExecutionContext:Run (System.Threading.ExecutionContext,System.Threading.ContextCallback,object,bool)
System.Runtime.CompilerServices.AsyncMethodBuilderCore/MoveNextRunner:Run ()
System.Threading.Tasks.SynchronizationContextAwaitTaskContinuation/<>c:<.cctor>b__7_0 (object)
UnityEngine.UnitySynchronizationContext/WorkRequest:Invoke ()
UnityEngine.UnitySynchronizationContext:Exec ()
UnityEngine.UnitySynchronizationContext:ExecuteTasks ()

(Filename: ./Library/PackageCache/com.unity.ai.assistant@c0127625258e/Modules/Unity.AI.ModelSelector/Services/Stores/Actions/ModelSelectorSuperProxyActions.cs Line: 495)

Error reason is 'NoSubscription' and no additional error information was provided (https://generators.ai.unity.com).
UnityEngine.Debug:ExtractStackTraceNoAlloc (byte*,int,string)
UnityEngine.StackTraceUtility:ExtractStackTrace ()
UnityEngine.DebugLogHandler:Internal_Log (UnityEngine.LogType,UnityEngine.LogOption,string,UnityEngine.Object)
UnityEngine.DebugLogHandler:LogFormat (UnityEngine.LogType,UnityEngine.Object,string,object[])
UnityEngine.Logger:Log (UnityEngine.LogType,object)
UnityEngine.Debug:Log (object)
Unity.AI.ModelSelector.Services.Stores.Actions.ModelSelectorSuperProxyActions/<>c/<<-cctor>b__8_0>d:MoveNext () (at ./Library/PackageCache/com.unity.ai.assistant@c0127625258e/Modules/Unity.AI.ModelSelector/Services/Stores/Actions/ModelSelectorSuperProxyActions.cs:495)
System.Runtime.CompilerServices.AsyncMethodBuilderCore/MoveNextRunner:InvokeMoveNext (object)
System.Threading.ExecutionContext:RunInternal (System.Threading.ExecutionContext,System.Threading.ContextCallback,object,bool)
System.Threading.ExecutionContext:Run (System.Threading.ExecutionContext,System.Threading.ContextCallback,object,bool)
System.Runtime.CompilerServices.AsyncMethodBuilderCore/MoveNextRunner:Run ()
System.Threading.Tasks.AwaitTaskContinuation:InvokeAction (object)
System.Threading.Tasks.AwaitTaskContinuation:RunCallback (System.Threading.ContextCallback,object,System.Threading.Tasks.Task&)
System.Threading.Tasks.SynchronizationContextAwaitTaskContinuation:Run (System.Threading.Tasks.Task,bool)
System.Threading.Tasks.Task:FinishContinuations ()
System.Threading.Tasks.Task:FinishStageThree ()
System.Threading.Tasks.Task`1<AiEditorToolsSdk.Components.Common.Responses.Wrappers.OperationResult`1<AiEditorToolsSdk.Components.GenerativeModels.Responses.ModelListV2.ModelListFullResult>>:TrySetResult (AiEditorToolsSdk.Components.Common.Responses.Wrappers.OperationResult`1<AiEditorToolsSdk.Components.GenerativeModels.Responses.ModelListV2.ModelListFullResult>)
System.Runtime.CompilerServices.AsyncTaskMethodBuilder`1<AiEditorToolsSdk.Components.Common.Responses.Wrappers.OperationResult`1<AiEditorToolsSdk.Components.GenerativeModels.Responses.ModelListV2.ModelListFullResult>>:SetResult (AiEditorToolsSdk.Components.Common.Responses.Wrappers.OperationResult`1<AiEditorToolsSdk.Components.GenerativeModels.Responses.ModelListV2.ModelListFullResult>)
AiEditorToolsSdk.Components.GenerativeModels.GenerativeModelsComponentV2/<GetModelsAsync>d__5:MoveNext ()
System.Runtime.CompilerServices.AsyncMethodBuilderCore/MoveNextRunner:InvokeMoveNext (object)
System.Threading.ExecutionContext:RunInternal (System.Threading.ExecutionContext,System.Threading.ContextCallback,object,bool)
System.Threading.ExecutionContext:Run (System.Threading.ExecutionContext,System.Threading.ContextCallback,object,bool)
System.Runtime.CompilerServices.AsyncMethodBuilderCore/MoveNextRunner:Run ()
System.Threading.Tasks.AwaitTaskContinuation:InvokeAction (object)
System.Threading.Tasks.AwaitTaskContinuation:RunCallback (System.Threading.ContextCallback,object,System.Threading.Tasks.Task&)
System.Threading.Tasks.SynchronizationContextAwaitTaskContinuation:Run (System.Threading.Tasks.Task,bool)
System.Threading.Tasks.Task:FinishContinuations ()
System.Threading.Tasks.Task:FinishStageThree ()
System.Threading.Tasks.Task`1<AiEditorToolsSdk.Components.Common.Responses.Wrappers.OperationResult`1<AiEditorToolsSdk.Components.GenerativeModels.Responses.ModelListV2.ModelListFullResult>>:TrySetResult (AiEditorToolsSdk.Components.Common.Responses.Wrappers.OperationResult`1<AiEditorToolsSdk.Components.GenerativeModels.Responses.ModelListV2.ModelListFullResult>)
System.Runtime.CompilerServices.AsyncTaskMethodBuilder`1<AiEditorToolsSdk.Components.Common.Responses.Wrappers.OperationResult`1<AiEditorToolsSdk.Components.GenerativeModels.Responses.ModelListV2.ModelListFullResult>>:SetResult (AiEditorToolsSdk.Components.Common.Responses.Wrappers.OperationResult`1<AiEditorToolsSdk.Components.GenerativeModels.Responses.ModelListV2.ModelListFullResult>)
AiEditorToolsSdk.Application.InternalServices.SdkOperation.SdkOperationService/<ExecuteRequest>d__4`1<AiEditorToolsSdk.Components.GenerativeModels.Responses.ModelListV2.ModelListFullResult>:MoveNext ()
System.Runtime.CompilerServices.AsyncMethodBuilderCore/MoveNextRunner:InvokeMoveNext (object)
System.Threading.ExecutionContext:RunInternal (System.Threading.ExecutionContext,System.Threading.ContextCallback,object,bool)
System.Threading.ExecutionContext:Run (System.Threading.ExecutionContext,System.Threading.ContextCallback,object,bool)
System.Runtime.CompilerServices.AsyncMethodBuilderCore/MoveNextRunner:Run ()
System.Threading.Tasks.AwaitTaskContinuation:InvokeAction (object)
System.Threading.Tasks.AwaitTaskContinuation:RunCallback (System.Threading.ContextCallback,object,System.Threading.Tasks.Task&)
System.Threading.Tasks.SynchronizationContextAwaitTaskContinuation:Run (System.Threading.Tasks.Task,bool)
System.Threading.Tasks.Task:FinishContinuations ()
System.Threading.Tasks.Task:FinishStageThree ()
System.Threading.Tasks.Task`1<AiEditorToolsSdk.Components.Common.Responses.Wrappers.OperationResult`1<AiEditorToolsSdk.Components.GenerativeModels.Responses.ModelListV2.ModelListFullResult>>:TrySetResult (AiEditorToolsSdk.Components.Common.Responses.Wrappers.OperationResult`1<AiEditorToolsSdk.Components.GenerativeModels.Responses.ModelListV2.ModelListFullResult>)
System.Runtime.CompilerServices.AsyncTaskMethodBuilder`1<AiEditorToolsSdk.Components.Common.Responses.Wrappers.OperationResult`1<AiEditorToolsSdk.Components.GenerativeModels.Responses.ModelListV2.ModelListFullResult>>:SetResult (AiEditorToolsSdk.Components.Common.Responses.Wrappers.OperationResult`1<AiEditorToolsSdk.Components.GenerativeModels.Responses.ModelListV2.ModelListFullResult>)
AiEditorToolsSdk.Application.Gateways.GenerativeModels.V2.GenerativeModelsGatewayV2/<GetModelsAsync>d__4:MoveNext ()
System.Runtime.CompilerServices.AsyncMethodBuilderCore/MoveNextRunner:InvokeMoveNext (object)
System.Threading.ExecutionContext:RunInternal (System.Threading.ExecutionContext,System.Threading.ContextCallback,object,bool)
System.Threading.ExecutionContext:Run (System.Threading.ExecutionContext,System.Threading.ContextCallback,object,bool)
System.Runtime.CompilerServices.AsyncMethodBuilderCore/MoveNextRunner:Run ()
System.Threading.Tasks.AwaitTaskContinuation:InvokeAction (object)
System.Threading.Tasks.AwaitTaskContinuation:RunCallback (System.Threading.ContextCallback,object,System.Threading.Tasks.Task&)
System.Threading.Tasks.SynchronizationContextAwaitTaskContinuation:Run (System.Threading.Tasks.Task,bool)
System.Threading.Tasks.Task:FinishContinuations ()
System.Threading.Tasks.Task:FinishStageThree ()
System.Threading.Tasks.Task`1<AiEditorToolsSdk.Domain.Core.Results.Result`2<SuperProxyClientV1Namespace.ModelListFullResponse, AiEditorToolsSdk.Domain.Core.Errors.ApiError>>:TrySetResult (AiEditorToolsSdk.Domain.Core.Results.Result`2<SuperProxyClientV1Namespace.ModelListFullResponse, AiEditorToolsSdk.Domain.Core.Errors.ApiError>)
System.Runtime.CompilerServices.AsyncTaskMethodBuilder`1<AiEditorToolsSdk.Domain.Core.Results.Result`2<SuperProxyClientV1Namespace.ModelListFullResponse, AiEditorToolsSdk.Domain.Core.Errors.ApiError>>:SetResult (AiEditorToolsSdk.Domain.Core.Results.Result`2<SuperProxyClientV1Namespace.ModelListFullResponse, AiEditorToolsSdk.Domain.Core.Errors.ApiError>)
AiEditorToolsSdk.Application.InternalServices.ApiClientProcessor.ApiClientProcessorService/<ProcessApiRequest>d__5`1<SuperProxyClientV1Namespace.ModelListFullResponse>:MoveNext ()
System.Runtime.CompilerServices.AsyncMethodBuilderCore/MoveNextRunner:InvokeMoveNext (object)
System.Threading.ExecutionContext:RunInternal (System.Threading.ExecutionContext,System.Threading.ContextCallback,object,bool)
System.Threading.ExecutionContext:Run (System.Threading.ExecutionContext,System.Threading.ContextCallback,object,bool)
System.Runtime.CompilerServices.AsyncMethodBuilderCore/MoveNextRunner:Run ()
System.Threading.Tasks.AwaitTaskContinuation:InvokeAction (object)
System.Threading.Tasks.AwaitTaskContinuation:RunCallback (System.Threading.ContextCallback,object,System.Threading.Tasks.Task&)
System.Threading.Tasks.SynchronizationContextAwaitTaskContinuation:Run (System.Threading.Tasks.Task,bool)
System.Threading.Tasks.Task:FinishContinuations ()
System.Threading.Tasks.Task:FinishStageThree ()
System.Threading.Tasks.Task`1<AiEditorToolsSdk.Domain.Core.Results.Result`2<SuperProxyClientV1Namespace.ModelListFullResponse, AiEditorToolsSdk.Domain.Core.Errors.ApiError>>:TrySetResult (AiEditorToolsSdk.Domain.Core.Results.Result`2<SuperProxyClientV1Namespace.ModelListFullResponse, AiEditorToolsSdk.Domain.Core.Errors.ApiError>)
System.Runtime.CompilerServices.AsyncTaskMethodBuilder`1<AiEditorToolsSdk.Domain.Core.Results.Result`2<SuperProxyClientV1Namespace.ModelListFullResponse, AiEditorToolsSdk.Domain.Core.Errors.ApiError>>:SetResult (AiEditorToolsSdk.Domain.Core.Results.Result`2<SuperProxyClientV1Namespace.ModelListFullResponse, AiEditorToolsSdk.Domain.Core.Errors.ApiError>)
AiEditorToolsSdk.Application.InternalServices.ApiClientProcessor.ApiClientProcessorService/<ProcessApiRequestImpl>d__6`1<SuperProxyClientV1Namespace.ModelListFullResponse>:MoveNext ()
System.Runtime.CompilerServices.AsyncMethodBuilderCore/MoveNextRunner:InvokeMoveNext (object)
System.Threading.ExecutionContext:RunInternal (System.Threading.ExecutionContext,System.Threading.ContextCallback,object,bool)
System.Threading.ExecutionContext:Run (System.Threading.ExecutionContext,System.Threading.ContextCallback,object,bool)
System.Runtime.CompilerServices.AsyncMethodBuilderCore/MoveNextRunner:Run ()
System.Threading.Tasks.AwaitTaskContinuation:InvokeAction (object)
System.Threading.Tasks.AwaitTaskContinuation:RunCallback (System.Threading.ContextCallback,object,System.Threading.Tasks.Task&)
System.Threading.Tasks.SynchronizationContextAwaitTaskContinuation:Run (System.Threading.Tasks.Task,bool)
System.Threading.Tasks.Task:FinishContinuations ()
System.Threading.Tasks.Task:FinishStageThree ()
System.Threading.Tasks.Task:FinishStageTwo ()
System.Threading.Tasks.Task:Finish (bool)
System.Threading.Tasks.Task:TrySetException (object)
System.Runtime.CompilerServices.AsyncTaskMethodBuilder`1<SuperProxyClientV1Namespace.ModelListFullResponse>:SetException (System.Exception)
AiEditorToolsSdk.Application.Gateways.GenerativeModels.V2.GenerativeModelsGatewayV2/<>c__DisplayClass4_0/<<GetModelsAsync>b__0>d:MoveNext ()
System.Runtime.CompilerServices.AsyncMethodBuilderCore/MoveNextRunner:InvokeMoveNext (object)
System.Threading.ExecutionContext:RunInternal (System.Threading.ExecutionContext,System.Threading.ContextCallback,object,bool)
System.Threading.ExecutionContext:Run (System.Threading.ExecutionContext,System.Threading.ContextCallback,object,bool)
System.Runtime.CompilerServices.AsyncMethodBuilderCore/MoveNextRunner:Run ()
System.Threading.Tasks.SynchronizationContextAwaitTaskContinuation/<>c:<.cctor>b__7_0 (object)
UnityEngine.UnitySynchronizationContext/WorkRequest:Invoke ()
UnityEngine.UnitySynchronizationContext:Exec ()
UnityEngine.UnitySynchronizationContext:ExecuteTasks ()

(Filename: ./Library/PackageCache/com.unity.ai.assistant@c0127625258e/Modules/Unity.AI.ModelSelector/Services/Stores/Actions/ModelSelectorSuperProxyActions.cs Line: 495)

Error reason is 'NoSubscription' and no additional error information was provided (https://generators.ai.unity.com).
UnityEngine.Debug:ExtractStackTraceNoAlloc (byte*,int,string)
UnityEngine.StackTraceUtility:ExtractStackTrace ()
UnityEngine.DebugLogHandler:Internal_Log (UnityEngine.LogType,UnityEngine.LogOption,string,UnityEngine.Object)
UnityEngine.DebugLogHandler:LogFormat (UnityEngine.LogType,UnityEngine.Object,string,object[])
UnityEngine.Logger:Log (UnityEngine.LogType,object)
UnityEngine.Debug:Log (object)
Unity.AI.ModelSelector.Services.Stores.Actions.ModelSelectorSuperProxyActions/<>c/<<-cctor>b__8_0>d:MoveNext () (at ./Library/PackageCache/com.unity.ai.assistant@c0127625258e/Modules/Unity.AI.ModelSelector/Services/Stores/Actions/ModelSelectorSuperProxyActions.cs:495)
System.Runtime.CompilerServices.AsyncMethodBuilderCore/MoveNextRunner:InvokeMoveNext (object)
System.Threading.ExecutionContext:RunInternal (System.Threading.ExecutionContext,System.Threading.ContextCallback,object,bool)
System.Threading.ExecutionContext:Run (System.Threading.ExecutionContext,System.Threading.ContextCallback,object,bool)
System.Runtime.CompilerServices.AsyncMethodBuilderCore/MoveNextRunner:Run ()
System.Threading.Tasks.AwaitTaskContinuation:InvokeAction (object)
System.Threading.Tasks.AwaitTaskContinuation:RunCallback (System.Threading.ContextCallback,object,System.Threading.Tasks.Task&)
System.Threading.Tasks.SynchronizationContextAwaitTaskContinuation:Run (System.Threading.Tasks.Task,bool)
System.Threading.Tasks.Task:FinishContinuations ()
System.Threading.Tasks.Task:FinishStageThree ()
System.Threading.Tasks.Task`1<AiEditorToolsSdk.Components.Common.Responses.Wrappers.OperationResult`1<AiEditorToolsSdk.Components.GenerativeModels.Responses.ModelListV2.ModelListFullResult>>:TrySetResult (AiEditorToolsSdk.Components.Common.Responses.Wrappers.OperationResult`1<AiEditorToolsSdk.Components.GenerativeModels.Responses.ModelListV2.ModelListFullResult>)
System.Runtime.CompilerServices.AsyncTaskMethodBuilder`1<AiEditorToolsSdk.Components.Common.Responses.Wrappers.OperationResult`1<AiEditorToolsSdk.Components.GenerativeModels.Responses.ModelListV2.ModelListFullResult>>:SetResult (AiEditorToolsSdk.Components.Common.Responses.Wrappers.OperationResult`1<AiEditorToolsSdk.Components.GenerativeModels.Responses.ModelListV2.ModelListFullResult>)
AiEditorToolsSdk.Components.GenerativeModels.GenerativeModelsComponentV2/<GetModelsAsync>d__5:MoveNext ()
System.Runtime.CompilerServices.AsyncMethodBuilderCore/MoveNextRunner:InvokeMoveNext (object)
System.Threading.ExecutionContext:RunInternal (System.Threading.ExecutionContext,System.Threading.ContextCallback,object,bool)
System.Threading.ExecutionContext:Run (System.Threading.ExecutionContext,System.Threading.ContextCallback,object,bool)
System.Runtime.CompilerServices.AsyncMethodBuilderCore/MoveNextRunner:Run ()
System.Threading.Tasks.AwaitTaskContinuation:InvokeAction (object)
System.Threading.Tasks.AwaitTaskContinuation:RunCallback (System.Threading.ContextCallback,object,System.Threading.Tasks.Task&)
System.Threading.Tasks.SynchronizationContextAwaitTaskContinuation:Run (System.Threading.Tasks.Task,bool)
System.Threading.Tasks.Task:FinishContinuations ()
System.Threading.Tasks.Task:FinishStageThree ()
System.Threading.Tasks.Task`1<AiEditorToolsSdk.Components.Common.Responses.Wrappers.OperationResult`1<AiEditorToolsSdk.Components.GenerativeModels.Responses.ModelListV2.ModelListFullResult>>:TrySetResult (AiEditorToolsSdk.Components.Common.Responses.Wrappers.OperationResult`1<AiEditorToolsSdk.Components.GenerativeModels.Responses.ModelListV2.ModelListFullResult>)
System.Runtime.CompilerServices.AsyncTaskMethodBuilder`1<AiEditorToolsSdk.Components.Common.Responses.Wrappers.OperationResult`1<AiEditorToolsSdk.Components.GenerativeModels.Responses.ModelListV2.ModelListFullResult>>:SetResult (AiEditorToolsSdk.Components.Common.Responses.Wrappers.OperationResult`1<AiEditorToolsSdk.Components.GenerativeModels.Responses.ModelListV2.ModelListFullResult>)
AiEditorToolsSdk.Application.InternalServices.SdkOperation.SdkOperationService/<ExecuteRequest>d__4`1<AiEditorToolsSdk.Components.GenerativeModels.Responses.ModelListV2.ModelListFullResult>:MoveNext ()
System.Runtime.CompilerServices.AsyncMethodBuilderCore/MoveNextRunner:InvokeMoveNext (object)
System.Threading.ExecutionContext:RunInternal (System.Threading.ExecutionContext,System.Threading.ContextCallback,object,bool)
System.Threading.ExecutionContext:Run (System.Threading.ExecutionContext,System.Threading.ContextCallback,object,bool)
System.Runtime.CompilerServices.AsyncMethodBuilderCore/MoveNextRunner:Run ()
System.Threading.Tasks.AwaitTaskContinuation:InvokeAction (object)
System.Threading.Tasks.AwaitTaskContinuation:RunCallback (System.Threading.ContextCallback,object,System.Threading.Tasks.Task&)
System.Threading.Tasks.SynchronizationContextAwaitTaskContinuation:Run (System.Threading.Tasks.Task,bool)
System.Threading.Tasks.Task:FinishContinuations ()
System.Threading.Tasks.Task:FinishStageThree ()
System.Threading.Tasks.Task`1<AiEditorToolsSdk.Components.Common.Responses.Wrappers.OperationResult`1<AiEditorToolsSdk.Components.GenerativeModels.Responses.ModelListV2.ModelListFullResult>>:TrySetResult (AiEditorToolsSdk.Components.Common.Responses.Wrappers.OperationResult`1<AiEditorToolsSdk.Components.GenerativeModels.Responses.ModelListV2.ModelListFullResult>)
System.Runtime.CompilerServices.AsyncTaskMethodBuilder`1<AiEditorToolsSdk.Components.Common.Responses.Wrappers.OperationResult`1<AiEditorToolsSdk.Components.GenerativeModels.Responses.ModelListV2.ModelListFullResult>>:SetResult (AiEditorToolsSdk.Components.Common.Responses.Wrappers.OperationResult`1<AiEditorToolsSdk.Components.GenerativeModels.Responses.ModelListV2.ModelListFullResult>)
AiEditorToolsSdk.Application.Gateways.GenerativeModels.V2.GenerativeModelsGatewayV2/<GetModelsAsync>d__4:MoveNext ()
System.Runtime.CompilerServices.AsyncMethodBuilderCore/MoveNextRunner:InvokeMoveNext (object)
System.Threading.ExecutionContext:RunInternal (System.Threading.ExecutionContext,System.Threading.ContextCallback,object,bool)
System.Threading.ExecutionContext:Run (System.Threading.ExecutionContext,System.Threading.ContextCallback,object,bool)
System.Runtime.CompilerServices.AsyncMethodBuilderCore/MoveNextRunner:Run ()
System.Threading.Tasks.AwaitTaskContinuation:InvokeAction (object)
System.Threading.Tasks.AwaitTaskContinuation:RunCallback (System.Threading.ContextCallback,object,System.Threading.Tasks.Task&)
System.Threading.Tasks.SynchronizationContextAwaitTaskContinuation:Run (System.Threading.Tasks.Task,bool)
System.Threading.Tasks.Task:FinishContinuations ()
System.Threading.Tasks.Task:FinishStageThree ()
System.Threading.Tasks.Task`1<AiEditorToolsSdk.Domain.Core.Results.Result`2<SuperProxyClientV1Namespace.ModelListFullResponse, AiEditorToolsSdk.Domain.Core.Errors.ApiError>>:TrySetResult (AiEditorToolsSdk.Domain.Core.Results.Result`2<SuperProxyClientV1Namespace.ModelListFullResponse, AiEditorToolsSdk.Domain.Core.Errors.ApiError>)
System.Runtime.CompilerServices.AsyncTaskMethodBuilder`1<AiEditorToolsSdk.Domain.Core.Results.Result`2<SuperProxyClientV1Namespace.ModelListFullResponse, AiEditorToolsSdk.Domain.Core.Errors.ApiError>>:SetResult (AiEditorToolsSdk.Domain.Core.Results.Result`2<SuperProxyClientV1Namespace.ModelListFullResponse, AiEditorToolsSdk.Domain.Core.Errors.ApiError>)
AiEditorToolsSdk.Application.InternalServices.ApiClientProcessor.ApiClientProcessorService/<ProcessApiRequest>d__5`1<SuperProxyClientV1Namespace.ModelListFullResponse>:MoveNext ()
System.Runtime.CompilerServices.AsyncMethodBuilderCore/MoveNextRunner:InvokeMoveNext (object)
System.Threading.ExecutionContext:RunInternal (System.Threading.ExecutionContext,System.Threading.ContextCallback,object,bool)
System.Threading.ExecutionContext:Run (System.Threading.ExecutionContext,System.Threading.ContextCallback,object,bool)
System.Runtime.CompilerServices.AsyncMethodBuilderCore/MoveNextRunner:Run ()
System.Threading.Tasks.AwaitTaskContinuation:InvokeAction (object)
System.Threading.Tasks.AwaitTaskContinuation:RunCallback (System.Threading.ContextCallback,object,System.Threading.Tasks.Task&)
System.Threading.Tasks.SynchronizationContextAwaitTaskContinuation:Run (System.Threading.Tasks.Task,bool)
System.Threading.Tasks.Task:FinishContinuations ()
System.Threading.Tasks.Task:FinishStageThree ()
System.Threading.Tasks.Task`1<AiEditorToolsSdk.Domain.Core.Results.Result`2<SuperProxyClientV1Namespace.ModelListFullResponse, AiEditorToolsSdk.Domain.Core.Errors.ApiError>>:TrySetResult (AiEditorToolsSdk.Domain.Core.Results.Result`2<SuperProxyClientV1Namespace.ModelListFullResponse, AiEditorToolsSdk.Domain.Core.Errors.ApiError>)
System.Runtime.CompilerServices.AsyncTaskMethodBuilder`1<AiEditorToolsSdk.Domain.Core.Results.Result`2<SuperProxyClientV1Namespace.ModelListFullResponse, AiEditorToolsSdk.Domain.Core.Errors.ApiError>>:SetResult (AiEditorToolsSdk.Domain.Core.Results.Result`2<SuperProxyClientV1Namespace.ModelListFullResponse, AiEditorToolsSdk.Domain.Core.Errors.ApiError>)
AiEditorToolsSdk.Application.InternalServices.ApiClientProcessor.ApiClientProcessorService/<ProcessApiRequestImpl>d__6`1<SuperProxyClientV1Namespace.ModelListFullResponse>:MoveNext ()
System.Runtime.CompilerServices.AsyncMethodBuilderCore/MoveNextRunner:InvokeMoveNext (object)
System.Threading.ExecutionContext:RunInternal (System.Threading.ExecutionContext,System.Threading.ContextCallback,object,bool)
System.Threading.ExecutionContext:Run (System.Threading.ExecutionContext,System.Threading.ContextCallback,object,bool)
System.Runtime.CompilerServices.AsyncMethodBuilderCore/MoveNextRunner:Run ()
System.Threading.Tasks.AwaitTaskContinuation:InvokeAction (object)
System.Threading.Tasks.AwaitTaskContinuation:RunCallback (System.Threading.ContextCallback,object,System.Threading.Tasks.Task&)
System.Threading.Tasks.SynchronizationContextAwaitTaskContinuation:Run (System.Threading.Tasks.Task,bool)
System.Threading.Tasks.Task:FinishContinuations ()
System.Threading.Tasks.Task:FinishStageThree ()
System.Threading.Tasks.Task:FinishStageTwo ()
System.Threading.Tasks.Task:Finish (bool)
System.Threading.Tasks.Task:TrySetException (object)
System.Runtime.CompilerServices.AsyncTaskMethodBuilder`1<SuperProxyClientV1Namespace.ModelListFullResponse>:SetException (System.Exception)
AiEditorToolsSdk.Application.Gateways.GenerativeModels.V2.GenerativeModelsGatewayV2/<>c__DisplayClass4_0/<<GetModelsAsync>b__0>d:MoveNext ()
System.Runtime.CompilerServices.AsyncMethodBuilderCore/MoveNextRunner:InvokeMoveNext (object)
System.Threading.ExecutionContext:RunInternal (System.Threading.ExecutionContext,System.Threading.ContextCallback,object,bool)
System.Threading.ExecutionContext:Run (System.Threading.ExecutionContext,System.Threading.ContextCallback,object,bool)
System.Runtime.CompilerServices.AsyncMethodBuilderCore/MoveNextRunner:Run ()
System.Threading.Tasks.SynchronizationContextAwaitTaskContinuation/<>c:<.cctor>b__7_0 (object)
UnityEngine.UnitySynchronizationContext/WorkRequest:Invoke ()
UnityEngine.UnitySynchronizationContext:Exec ()
UnityEngine.UnitySynchronizationContext:ExecuteTasks ()

(Filename: ./Library/PackageCache/com.unity.ai.assistant@c0127625258e/Modules/Unity.AI.ModelSelector/Services/Stores/Actions/ModelSelectorSuperProxyActions.cs Line: 495)

Error reason is 'NoSubscription' and no additional error information was provided (https://generators.ai.unity.com).
UnityEngine.Debug:ExtractStackTraceNoAlloc (byte*,int,string)
UnityEngine.StackTraceUtility:ExtractStackTrace ()
UnityEngine.DebugLogHandler:Internal_Log (UnityEngine.LogType,UnityEngine.LogOption,string,UnityEngine.Object)
UnityEngine.DebugLogHandler:LogFormat (UnityEngine.LogType,UnityEngine.Object,string,object[])
UnityEngine.Logger:Log (UnityEngine.LogType,object)
UnityEngine.Debug:Log (object)
Unity.AI.ModelSelector.Services.Stores.Actions.ModelSelectorSuperProxyActions/<>c/<<-cctor>b__8_0>d:MoveNext () (at ./Library/PackageCache/com.unity.ai.assistant@c0127625258e/Modules/Unity.AI.ModelSelector/Services/Stores/Actions/ModelSelectorSuperProxyActions.cs:495)
System.Runtime.CompilerServices.AsyncMethodBuilderCore/MoveNextRunner:InvokeMoveNext (object)
System.Threading.ExecutionContext:RunInternal (System.Threading.ExecutionContext,System.Threading.ContextCallback,object,bool)
System.Threading.ExecutionContext:Run (System.Threading.ExecutionContext,System.Threading.ContextCallback,object,bool)
System.Runtime.CompilerServices.AsyncMethodBuilderCore/MoveNextRunner:Run ()
System.Threading.Tasks.AwaitTaskContinuation:InvokeAction (object)
System.Threading.Tasks.AwaitTaskContinuation:RunCallback (System.Threading.ContextCallback,object,System.Threading.Tasks.Task&)
System.Threading.Tasks.SynchronizationContextAwaitTaskContinuation:Run (System.Threading.Tasks.Task,bool)
System.Threading.Tasks.Task:FinishContinuations ()
System.Threading.Tasks.Task:FinishStageThree ()
System.Threading.Tasks.Task`1<AiEditorToolsSdk.Components.Common.Responses.Wrappers.OperationResult`1<AiEditorToolsSdk.Components.GenerativeModels.Responses.ModelListV2.ModelListFullResult>>:TrySetResult (AiEditorToolsSdk.Components.Common.Responses.Wrappers.OperationResult`1<AiEditorToolsSdk.Components.GenerativeModels.Responses.ModelListV2.ModelListFullResult>)
System.Runtime.CompilerServices.AsyncTaskMethodBuilder`1<AiEditorToolsSdk.Components.Common.Responses.Wrappers.OperationResult`1<AiEditorToolsSdk.Components.GenerativeModels.Responses.ModelListV2.ModelListFullResult>>:SetResult (AiEditorToolsSdk.Components.Common.Responses.Wrappers.OperationResult`1<AiEditorToolsSdk.Components.GenerativeModels.Responses.ModelListV2.ModelListFullResult>)
AiEditorToolsSdk.Components.GenerativeModels.GenerativeModelsComponentV2/<GetModelsAsync>d__5:MoveNext ()
System.Runtime.CompilerServices.AsyncMethodBuilderCore/MoveNextRunner:InvokeMoveNext (object)
System.Threading.ExecutionContext:RunInternal (System.Threading.ExecutionContext,System.Threading.ContextCallback,object,bool)
System.Threading.ExecutionContext:Run (System.Threading.ExecutionContext,System.Threading.ContextCallback,object,bool)
System.Runtime.CompilerServices.AsyncMethodBuilderCore/MoveNextRunner:Run ()
System.Threading.Tasks.AwaitTaskContinuation:InvokeAction (object)
System.Threading.Tasks.AwaitTaskContinuation:RunCallback (System.Threading.ContextCallback,object,System.Threading.Tasks.Task&)
System.Threading.Tasks.SynchronizationContextAwaitTaskContinuation:Run (System.Threading.Tasks.Task,bool)
System.Threading.Tasks.Task:FinishContinuations ()
System.Threading.Tasks.Task:FinishStageThree ()
System.Threading.Tasks.Task`1<AiEditorToolsSdk.Components.Common.Responses.Wrappers.OperationResult`1<AiEditorToolsSdk.Components.GenerativeModels.Responses.ModelListV2.ModelListFullResult>>:TrySetResult (AiEditorToolsSdk.Components.Common.Responses.Wrappers.OperationResult`1<AiEditorToolsSdk.Components.GenerativeModels.Responses.ModelListV2.ModelListFullResult>)
System.Runtime.CompilerServices.AsyncTaskMethodBuilder`1<AiEditorToolsSdk.Components.Common.Responses.Wrappers.OperationResult`1<AiEditorToolsSdk.Components.GenerativeModels.Responses.ModelListV2.ModelListFullResult>>:SetResult (AiEditorToolsSdk.Components.Common.Responses.Wrappers.OperationResult`1<AiEditorToolsSdk.Components.GenerativeModels.Responses.ModelListV2.ModelListFullResult>)
AiEditorToolsSdk.Application.InternalServices.SdkOperation.SdkOperationService/<ExecuteRequest>d__4`1<AiEditorToolsSdk.Components.GenerativeModels.Responses.ModelListV2.ModelListFullResult>:MoveNext ()
System.Runtime.CompilerServices.AsyncMethodBuilderCore/MoveNextRunner:InvokeMoveNext (object)
System.Threading.ExecutionContext:RunInternal (System.Threading.ExecutionContext,System.Threading.ContextCallback,object,bool)
System.Threading.ExecutionContext:Run (System.Threading.ExecutionContext,System.Threading.ContextCallback,object,bool)
System.Runtime.CompilerServices.AsyncMethodBuilderCore/MoveNextRunner:Run ()
System.Threading.Tasks.AwaitTaskContinuation:InvokeAction (object)
System.Threading.Tasks.AwaitTaskContinuation:RunCallback (System.Threading.ContextCallback,object,System.Threading.Tasks.Task&)
System.Threading.Tasks.SynchronizationContextAwaitTaskContinuation:Run (System.Threading.Tasks.Task,bool)
System.Threading.Tasks.Task:FinishContinuations ()
System.Threading.Tasks.Task:FinishStageThree ()
System.Threading.Tasks.Task`1<AiEditorToolsSdk.Components.Common.Responses.Wrappers.OperationResult`1<AiEditorToolsSdk.Components.GenerativeModels.Responses.ModelListV2.ModelListFullResult>>:TrySetResult (AiEditorToolsSdk.Components.Common.Responses.Wrappers.OperationResult`1<AiEditorToolsSdk.Components.GenerativeModels.Responses.ModelListV2.ModelListFullResult>)
System.Runtime.CompilerServices.AsyncTaskMethodBuilder`1<AiEditorToolsSdk.Components.Common.Responses.Wrappers.OperationResult`1<AiEditorToolsSdk.Components.GenerativeModels.Responses.ModelListV2.ModelListFullResult>>:SetResult (AiEditorToolsSdk.Components.Common.Responses.Wrappers.OperationResult`1<AiEditorToolsSdk.Components.GenerativeModels.Responses.ModelListV2.ModelListFullResult>)
AiEditorToolsSdk.Application.Gateways.GenerativeModels.V2.GenerativeModelsGatewayV2/<GetModelsAsync>d__4:MoveNext ()
System.Runtime.CompilerServices.AsyncMethodBuilderCore/MoveNextRunner:InvokeMoveNext (object)
System.Threading.ExecutionContext:RunInternal (System.Threading.ExecutionContext,System.Threading.ContextCallback,object,bool)
System.Threading.ExecutionContext:Run (System.Threading.ExecutionContext,System.Threading.ContextCallback,object,bool)
System.Runtime.CompilerServices.AsyncMethodBuilderCore/MoveNextRunner:Run ()
System.Threading.Tasks.AwaitTaskContinuation:InvokeAction (object)
System.Threading.Tasks.AwaitTaskContinuation:RunCallback (System.Threading.ContextCallback,object,System.Threading.Tasks.Task&)
System.Threading.Tasks.SynchronizationContextAwaitTaskContinuation:Run (System.Threading.Tasks.Task,bool)
System.Threading.Tasks.Task:FinishContinuations ()
System.Threading.Tasks.Task:FinishStageThree ()
System.Threading.Tasks.Task`1<AiEditorToolsSdk.Domain.Core.Results.Result`2<SuperProxyClientV1Namespace.ModelListFullResponse, AiEditorToolsSdk.Domain.Core.Errors.ApiError>>:TrySetResult (AiEditorToolsSdk.Domain.Core.Results.Result`2<SuperProxyClientV1Namespace.ModelListFullResponse, AiEditorToolsSdk.Domain.Core.Errors.ApiError>)
System.Runtime.CompilerServices.AsyncTaskMethodBuilder`1<AiEditorToolsSdk.Domain.Core.Results.Result`2<SuperProxyClientV1Namespace.ModelListFullResponse, AiEditorToolsSdk.Domain.Core.Errors.ApiError>>:SetResult (AiEditorToolsSdk.Domain.Core.Results.Result`2<SuperProxyClientV1Namespace.ModelListFullResponse, AiEditorToolsSdk.Domain.Core.Errors.ApiError>)
AiEditorToolsSdk.Application.InternalServices.ApiClientProcessor.ApiClientProcessorService/<ProcessApiRequest>d__5`1<SuperProxyClientV1Namespace.ModelListFullResponse>:MoveNext ()
System.Runtime.CompilerServices.AsyncMethodBuilderCore/MoveNextRunner:InvokeMoveNext (object)
System.Threading.ExecutionContext:RunInternal (System.Threading.ExecutionContext,System.Threading.ContextCallback,object,bool)
System.Threading.ExecutionContext:Run (System.Threading.ExecutionContext,System.Threading.ContextCallback,object,bool)
System.Runtime.CompilerServices.AsyncMethodBuilderCore/MoveNextRunner:Run ()
System.Threading.Tasks.AwaitTaskContinuation:InvokeAction (object)
System.Threading.Tasks.AwaitTaskContinuation:RunCallback (System.Threading.ContextCallback,object,System.Threading.Tasks.Task&)
System.Threading.Tasks.SynchronizationContextAwaitTaskContinuation:Run (System.Threading.Tasks.Task,bool)
System.Threading.Tasks.Task:FinishContinuations ()
System.Threading.Tasks.Task:FinishStageThree ()
System.Threading.Tasks.Task`1<AiEditorToolsSdk.Domain.Core.Results.Result`2<SuperProxyClientV1Namespace.ModelListFullResponse, AiEditorToolsSdk.Domain.Core.Errors.ApiError>>:TrySetResult (AiEditorToolsSdk.Domain.Core.Results.Result`2<SuperProxyClientV1Namespace.ModelListFullResponse, AiEditorToolsSdk.Domain.Core.Errors.ApiError>)
System.Runtime.CompilerServices.AsyncTaskMethodBuilder`1<AiEditorToolsSdk.Domain.Core.Results.Result`2<SuperProxyClientV1Namespace.ModelListFullResponse, AiEditorToolsSdk.Domain.Core.Errors.ApiError>>:SetResult (AiEditorToolsSdk.Domain.Core.Results.Result`2<SuperProxyClientV1Namespace.ModelListFullResponse, AiEditorToolsSdk.Domain.Core.Errors.ApiError>)
AiEditorToolsSdk.Application.InternalServices.ApiClientProcessor.ApiClientProcessorService/<ProcessApiRequestImpl>d__6`1<SuperProxyClientV1Namespace.ModelListFullResponse>:MoveNext ()
System.Runtime.CompilerServices.AsyncMethodBuilderCore/MoveNextRunner:InvokeMoveNext (object)
System.Threading.ExecutionContext:RunInternal (System.Threading.ExecutionContext,System.Threading.ContextCallback,object,bool)
System.Threading.ExecutionContext:Run (System.Threading.ExecutionContext,System.Threading.ContextCallback,object,bool)
System.Runtime.CompilerServices.AsyncMethodBuilderCore/MoveNextRunner:Run ()
System.Threading.Tasks.AwaitTaskContinuation:InvokeAction (object)
System.Threading.Tasks.AwaitTaskContinuation:RunCallback (System.Threading.ContextCallback,object,System.Threading.Tasks.Task&)
System.Threading.Tasks.SynchronizationContextAwaitTaskContinuation:Run (System.Threading.Tasks.Task,bool)
System.Threading.Tasks.Task:FinishContinuations ()
System.Threading.Tasks.Task:FinishStageThree ()
System.Threading.Tasks.Task:FinishStageTwo ()
System.Threading.Tasks.Task:Finish (bool)
System.Threading.Tasks.Task:TrySetException (object)
System.Runtime.CompilerServices.AsyncTaskMethodBuilder`1<SuperProxyClientV1Namespace.ModelListFullResponse>:SetException (System.Exception)
AiEditorToolsSdk.Application.Gateways.GenerativeModels.V2.GenerativeModelsGatewayV2/<>c__DisplayClass4_0/<<GetModelsAsync>b__0>d:MoveNext ()
System.Runtime.CompilerServices.AsyncMethodBuilderCore/MoveNextRunner:InvokeMoveNext (object)
System.Threading.ExecutionContext:RunInternal (System.Threading.ExecutionContext,System.Threading.ContextCallback,object,bool)
System.Threading.ExecutionContext:Run (System.Threading.ExecutionContext,System.Threading.ContextCallback,object,bool)
System.Runtime.CompilerServices.AsyncMethodBuilderCore/MoveNextRunner:Run ()
System.Threading.Tasks.SynchronizationContextAwaitTaskContinuation/<>c:<.cctor>b__7_0 (object)
UnityEngine.UnitySynchronizationContext/WorkRequest:Invoke ()
UnityEngine.UnitySynchronizationContext:Exec ()
UnityEngine.UnitySynchronizationContext:ExecuteTasks ()

(Filename: ./Library/PackageCache/com.unity.ai.assistant@c0127625258e/Modules/Unity.AI.ModelSelector/Services/Stores/Actions/ModelSelectorSuperProxyActions.cs Line: 495)

TrimDiskCacheJob: Current cache size 0mb
Asset Pipeline Refresh (id=084be194aefc5b444beedde1b6ef447d): Total: 0.008 seconds - Initiated by RefreshV2(AllowForceSynchronousImport)
Start Indexing on Editor startup
[Indexing] Starting Initial Indexing for Assets
[INFO ] [relay] relay.startup port=9001 mcpClientPort=9002 editorPid=8896
[INFO ] [relay] log === RELAY SERVER STARTED === (unity-ai-relay v1.0.12-build.97)
[INFO ] [relay] log Starting relay server...
[INFO ] [relay] log Command line arguments: ["bun","B:/~BUN/root/relay_win.exe","--relay","--port","9001","--mcp-client-port","9002","--editor-pid","8896","--shutdown-delay","180","--log-dir","C:\\Users\\Keven\\My project\\Logs"]
[INFO ] [relay] log Parsed config: {"port":9001,"mcpClientPort":9002,"editorPid":"8896","shutdownDelaySeconds":180}
[INFO ] [relay] log Initializing relay components...
[INFO ] [relay] log Creating RelayEditor...
[INFO ] [relay] log WebSocket server started
[INFO ] [relay] log Relay server initialization completed
[INFO ] [relay] log MCP Client initialized at port: 9002
[WARN ] [relay] log [shell-env] Shell environment did not contain a PATH variable
[Licensing::Client] Error: Code 404 while processing request (status: Found 0 entitlement groups and 0 free entitlements matching requested entitlement ids)
[INFO ] [relay] log Unity client connected with ID: editor-8896-ecs1qv (relay 1.0.12-build.97)
[INFO ] [relay] connection.established clientId=editor-8896-ecs1qv port=9001
[INFO ] [relay] log Unity MCP Relay server started | Port: 9002 | Endpoints: /mcp/start-server, /mcp/stop-server, /mcp/server-status, /mcp/call-tool
Starting new worker id: 1 with log in C:/Users/Keven/My project/Logs/AssetImportWorkerHW1.log
[Worker0] Imported GUID: 99c9720ab356a0642a771bea13969a05 - Path: Assets/Scenes/Main.unity - Importer: ScriptedImporter/UnityEditor.QuickSearchModule:UnityEditor.Search:ASIAI0B -> (ImportResultId: '48cd46f6ef292031d79adcb9c7b033d8') in 0.227064 seconds
Request Asset Garbage Collect because used heap size increased from 0.59 GB to 1.05 GB, exceeding the threshold of 256.0 MB.
Unloading 3 Unused Serialized files (Serialized files now loaded: 0)
Unloading 92 unused Assets / (17.1 MB). Loaded Objects now: 12785.
Memory consumption went from 1.05 GB to 1.04 GB.
Total: 43.036600 ms (FindLiveObjects: 0.960300 ms CreateObjectMapping: 0.777600 ms MarkObjects: 34.681200 ms  DeleteObjects: 6.614800 ms)

Worker ready: AssetImportWorkerHW1 1
[Licensing::Client] Successfully resolved entitlement details

[main 2026-09-03T21:12:58.421Z] StorageMainService: creating application shared storage
[main 2026-09-03T21:12:58.699Z] [shared storage] Creating shared storage database at 'c:\Users\Keven\.vscode-shared\sharedStorage\state.vscdb' (wasCreated: false)
[main 2026-09-03T21:12:58.701Z] [shared storage] Initializing fallback application storage (path: c:\Users\Keven\AppData\Roaming\Code\User\globalStorage\state.vscdb)
[main 2026-09-03T21:12:58.780Z] [shared storage] Fallback application storage initialized with 118 items
[main 2026-09-03T21:12:59.706Z] update#setState idle
[main 2026-09-03T21:12:59.774Z] AgentHostProcessManager: agent host started
[main 2026-09-03T21:13:00.687Z] [AgentHost:stderr] (node:11312) [DEP0169] DeprecationWarning: `url.parse()` behavior is not standardized and prone to errors that have security implications. Use the WHATWG URL API instead. CVEs are not issued for `url.parse()` vulnerabilities.
(Use `Code --trace-deprecation ...` to show where the warning was created)

Unknown channel: agentHostClientByokLm
Unknown channel: agentHostClientProxy
Unknown channel: agentHostClientProxy
(node:18168) [DEP0169] DeprecationWarning: `url.parse()` behavior is not standardized and prone to errors that have security implications. Use the WHATWG URL API instead. CVEs are not issued for `url.parse()` vulnerabilities.
(Use `Code --trace-deprecation ...` to show where the warning was created)
Unknown channel: agentHostClientProxy
Unknown channel: agentHostClientProxy
Unknown channel: agentHostClientProxy
Unknown channel: agentHostClientProxy
[main 2026-09-03T21:13:29.765Z] update#setState checking for updates
[main 2026-09-03T21:13:30.003Z] update#setState downloading
[main 2026-09-03T21:13:41.494Z] update#setState downloaded
[main 2026-09-03T21:14:12.724Z] update#setState ready
[ScriptCompilation] Requested script compilation because: AssetDatabase observed changes in script compilation related files
AssetDatabase: script compilation time: 0.041614s
[Licensing::Client] Successfully resolved entitlement details
info: Microsoft.AspNetCore.Hosting.Diagnostics[1]
      Request starting HTTP/2 POST http://ilpp/UnityILPP.PostProcessing/Ping - application/grpc -
info: Microsoft.AspNetCore.Routing.EndpointMiddleware[0]
      Executing endpoint 'gRPC - /UnityILPP.PostProcessing/Ping'
info: Microsoft.AspNetCore.Routing.EndpointMiddleware[1]
      Executed endpoint 'gRPC - /UnityILPP.PostProcessing/Ping'
info: Microsoft.AspNetCore.Hosting.Diagnostics[2]
      Request finished HTTP/2 POST http://ilpp/UnityILPP.PostProcessing/Ping - 200 - application/grpc 16.3004ms
Starting: C:\Program Files\Unity\Hub\Editor\6000.5.10f1\Editor\Data\Tools\BuildPipeline\bee_backend.exe --ipc --defer-dag-verification --dagfile="Library/Bee/1900b0aE.dag" --continue-on-failure --profile="Library/Bee/backend1.traceevents" ScriptAssemblies
WorkingDir: C:/Users/Keven/My project
info: Microsoft.AspNetCore.Hosting.Diagnostics[1]
      Request starting HTTP/2 POST http://ilpp/UnityILPP.PostProcessing/ConfigurePostProcessors - application/grpc -
info: Microsoft.AspNetCore.Routing.EndpointMiddleware[0]
      Executing endpoint 'gRPC - /UnityILPP.PostProcessing/ConfigurePostProcessors'
info: Unity.ILPP.Runner.PostProcessingAssemblyLoadContext[0]
      Current configuration matches the requested one, skipping
info: Microsoft.AspNetCore.Routing.EndpointMiddleware[1]
      Executed endpoint 'gRPC - /UnityILPP.PostProcessing/ConfigurePostProcessors'
info: Microsoft.AspNetCore.Hosting.Diagnostics[2]
      Request finished HTTP/2 POST http://ilpp/UnityILPP.PostProcessing/ConfigurePostProcessors - 200 - application/grpc 15.2786ms
info: Microsoft.AspNetCore.Hosting.Diagnostics[1]
      Request starting HTTP/2 POST http://ilpp/UnityILPP.PostProcessing/PostProcessAssembly - application/grpc -
info: Microsoft.AspNetCore.Routing.EndpointMiddleware[0]
      Executing endpoint 'gRPC - /UnityILPP.PostProcessing/PostProcessAssembly'
info: Unity.ILPP.Runner.PostProcessingPipeline[0]
      Processing assembly Library/Bee/artifacts/1900b0aE.dag/Assembly-CSharp.dll, with 145 defines and 370 references
info: Unity.ILPP.Runner.PostProcessingPipeline[0]
      processors: Unity.Jobs.CodeGen.JobsILPostProcessor, Unity.Pipeline.CodeGen.HotReloadInPlaceILPostProcessor, zzzUnity.Burst.CodeGen.BurstILPostProcessor
info: Unity.ILPP.Runner.PostProcessingPipeline[0]
      running Unity.Jobs.CodeGen.JobsILPostProcessor
info: Unity.ILPP.Runner.PostProcessingAssemblyLoadContext[0]
      Resolved Unity.Collections, Version=0.0.0.0, Culture=neutral, PublicKeyToken=null with Library\Bee\artifacts\1900b0aE.dag\Unity.Collections.dll
info: Unity.ILPP.Runner.PostProcessingAssemblyLoadContext[0]
      Resolved UnityEditor.CoreModule, Version=0.0.0.0, Culture=neutral, PublicKeyToken=null with C:\Program Files\Unity\Hub\Editor\6000.5.10f1\Editor\Data\Managed\UnityEngine\UnityEditor.CoreModule.dll
info: Unity.ILPP.Runner.PostProcessingAssemblyLoadContext[0]
      Resolved UnityEngine.CoreModule, Version=0.0.0.0, Culture=neutral, PublicKeyToken=null with C:\Program Files\Unity\Hub\Editor\6000.5.10f1\Editor\Data\Managed\UnityEngine\UnityEngine.CoreModule.dll
info: Unity.ILPP.Runner.PostProcessingAssemblyLoadContext[0]
      Resolved Unity.Scripting, Version=0.0.0.0, Culture=neutral, PublicKeyToken=null with C:\Program Files\Unity\Hub\Editor\6000.5.10f1\Editor\Data\Managed\UnityEngine\Unity.Scripting.dll
info: Unity.ILPP.Runner.PostProcessingPipeline[0]
      running Unity.Pipeline.CodeGen.HotReloadInPlaceILPostProcessor
info: Unity.ILPP.Runner.PostProcessingPipeline[0]
      running zzzUnity.Burst.CodeGen.BurstILPostProcessor
info: Unity.ILPP.Runner.PostProcessingAssemblyLoadContext[0]
      Resolved Unity.Burst.Cecil.Rocks, Version=0.11.6.0, Culture=neutral, PublicKeyToken=50cebf1cceb9d05e with Library\PackageCache\com.unity.burst@2f3d916873ea\Unity.Burst.CodeGen\Unity.Burst.Cecil.Rocks.dll
info: Microsoft.AspNetCore.Routing.EndpointMiddleware[1]
      Executed endpoint 'gRPC - /UnityILPP.PostProcessing/PostProcessAssembly'
info: Microsoft.AspNetCore.Hosting.Diagnostics[2]
      Request finished HTTP/2 POST http://ilpp/UnityILPP.PostProcessing/PostProcessAssembly - 200 - application/grpc 2049.3345ms
ExitCode: 0 Duration: 7s871ms
[1209/1583  0s] ILPP-Configuration Library/ilpp-configuration.nevergeneratedoutput
[1579/1583  4s] Csc Library/Bee/artifacts/1900b0aE.dag/Assembly-CSharp.dll (+2 others)
[1580/1583  2s] ILPostProcess Library/Bee/artifacts/1900b0aE.dag/post-processed/Assembly-CSharp.dll (+pdb)
Processing assembly Library/Bee/artifacts/1900b0aE.dag/Assembly-CSharp.dll, with 145 defines and 370 references

processors: Unity.Jobs.CodeGen.JobsILPostProcessor, Unity.Pipeline.CodeGen.HotReloadInPlaceILPostProcessor, zzzUnity.Burst.CodeGen.BurstILPostProcessor

running Unity.Jobs.CodeGen.JobsILPostProcessor

running Unity.Pipeline.CodeGen.HotReloadInPlaceILPostProcessor

running zzzUnity.Burst.CodeGen.BurstILPostProcessor
[1581/1583  0s] CopyFiles Library/ScriptAssemblies/Assembly-CSharp.dll
[1582/1583  0s] CopyFiles Library/ScriptAssemblies/Assembly-CSharp.pdb
*** Tundra build success (7.73 seconds), 5 items updated, 1583 evaluated
Reloading assemblies after forced synchronous recompile.
Begin MonoManager ReloadAssembly
[INFO ] [relay] log Domain reload signal received from client editor-8896-ecs1qv
Total cache size 267490908
Total cache size after purge 267490908, took 00:00:01.5936809
Symbol file LoadedFromMemory is not a mono symbol file
Symbol file LoadedFromMemory is not a mono symbol file
Refreshing native plugins compatible for Editor in 16.19 ms, found 5 plugins.
Native extension for WindowsStandalone target not found
Native extension for WebGL target not found
[MODES] ModeService[none].Initialize
[MODES] ModeService[none].LoadModes
Refreshing native plugins compatible for Editor in 5.29 ms, found 5 plugins.
Start HTTP server: port:7801
Editor is not in automated mode. Modal Pop up might break continuous command workflow. Start the editor with -automated
UnityEngine.Debug:ExtractStackTraceNoAlloc (byte*,int,string)
UnityEngine.StackTraceUtility:ExtractStackTrace ()
UnityEngine.DebugLogHandler:Internal_Log (UnityEngine.LogType,UnityEngine.LogOption,string,UnityEngine.Object)
UnityEngine.DebugLogHandler:LogFormat (UnityEngine.LogType,UnityEngine.Object,string,object[])
UnityEngine.Logger:Log (UnityEngine.LogType,object)
UnityEngine.Debug:LogWarning (object)
Unity.Pipeline.Editor.EditorPipelineServer:ServerStarted () (at ./Library/PackageCache/com.unity.pipeline@24975d51528a/Editor/EditorPipelineServer.cs:88)
Unity.Pipeline.BasePipelineServer:Start (int) (at ./Library/PackageCache/com.unity.pipeline@24975d51528a/Runtime/Common/BasePipelineServer.cs:237)
Unity.Pipeline.Editor.PipelineServerStartup:StartServer () (at ./Library/PackageCache/com.unity.pipeline@24975d51528a/Editor/EditorPipelineStartup.cs:164)
Unity.Pipeline.Editor.PipelineServerStartup:.cctor () (at ./Library/PackageCache/com.unity.pipeline@24975d51528a/Editor/EditorPipelineStartup.cs:44)
System.Runtime.CompilerServices.RuntimeHelpers:RunClassConstructor (System.RuntimeTypeHandle)
UnityEditor.EditorAssemblies:ProcessInitializeOnLoadAttributes (System.ReadOnlySpan`1<intptr>)

(Filename: ./Library/PackageCache/com.unity.pipeline@24975d51528a/Editor/EditorPipelineServer.cs Line: 88)

[Licensing::Client] Error: Code 404 while processing request (status: Found 0 entitlement groups and 0 free entitlements matching requested entitlement ids)
ScheduleIndexationOnStartup MainProcess:True IndexOnStartup:True
Mono: successfully reloaded assembly
- Finished resetting the current domain, in  5.415 seconds
Domain Reload Profiling: 15472ms
	BeginReloadAssembly (7392ms)
		ExecutionOrderSort (11ms)
		DisableScriptedObjects (1190ms)
		CreateAndSetChildDomain (4642ms)
	RebuildCommonClasses (20ms)
	RebuildNativeTypeToScriptingClass (22ms)
	initialDomainReloadingComplete (427ms)
	LoadAllAssembliesAndSetupDomain (2194ms)
		LoadAssemblies (1236ms)
		AnalyzeDomain (1002ms)
			TypeCache.Refresh (97ms)
				TypeCache.ScanAssembly (6ms)
			BuildScriptInfoCaches (859ms)
			ResolveRequiredComponents (27ms)
	FinalizeReload (5417ms)
		SetupLoadedEditorAssemblies (0ms)
			InitializePlatformSupportModulesInManaged (4ms)
			BeforeProcessingInitializeOnLoad (473ms)
			ProcessInitializeOnLoadAttributes (1841ms)
			ProcessInitializeOnLoadMethodAttributes (687ms)
			AfterProcessingInitializeOnLoad (14ms)
		AwakeInstancesAfterBackupRestoration (1302ms)
Refreshing native plugins compatible for Editor in 5.57 ms, found 5 plugins.

Asset Pipeline Refresh (id=742acb753b0df1e43aad43d77aa39083): Total: 27.599 seconds - Initiated by RefreshV2(AllowForceSynchronousImport)
	(Values over 0.05ms)
	Summary:
		Imports: total=0 (actual=0, local cache=0, cache server=0)
		Asset DB Process Time: managed=0 ms, native=6643 ms
		Asset DB Callback time: managed=602 ms, native=121 ms
		Scripting: domain reloads=1, domain reload time=10339 ms, compile time=9892 ms, other=0 ms
		Project Asset Count: scripts=2203, non-scripts=5375
		Asset File Changes: new=0, changed=2, moved=0, deleted=0
		Scan Filter Count: 0
	InvokePackagesCallback: 10.777ms
	ApplyChangesToAssetFolders: 4.337ms
	Scan: 138.243ms
	Collect global state as custom dependencies: 23.426ms
	OnSourceAssetsModified: 33.503ms
	CategorizeScriptCompilationAssets: 1.959ms
	ProcessAssetsWithTransientArtifactChanges: 33.252ms
	CategorizeAssets: 451.422ms
	CompileScripts: 9891.719ms
	ImportOutOfDateAssets: 5584.266ms (5475.399ms without children)
		CollectScriptTypesHashes: 25.318ms
		ReloadNativeAssets: 2.049ms
		UnloadImportedAssets: 2.524ms
		EnsureUptoDateAssetsAreRegisteredWithGuidPM: 1.954ms
		ImportSchedulerStart: 101.955ms
	PostProcessAllAssets: 580.522ms
		XRBuildSystem.XRAssetImported 2.012ms
		PostProcessCallbackCreateDeferredMaterials 1.779ms
		VCAutoAddAssetPostprocess 0.286ms
		MonoPostProcessAllAssets: 570.506ms
			AssetPostprocessor.OnPostprocessAllAssets 135.937ms
			AssetReferenceReimportMonitor.OnPostprocessAllAssets 45.667ms
			UniversalRenderPipelineGlobalSettingsPostprocessor.OnPostprocessAllAssets 20.684ms
			BuilderAssetPostprocessor.OnPostprocessAllAssets 14.466ms
			SyncVS.PostprocessSyncProject 12.018ms
			SpriteSlicePostprocessor.OnPostprocessAllAssets 8.030ms
			AssetChangedListener.OnPostprocessAllAssets 7.406ms
			GraphRefreshPostprocessor.OnPostprocessAllAssets 5.336ms
			SpeedTree9Postprocessor.OnPostprocessAllAssets 3.857ms
			ShaderGraphAssetPostProcessor.OnPostprocessAllAssets 3.059ms
			WindowAssetPostprocessingWatcher.OnPostprocessAllAssets 2.137ms
			RetainedModeAssetPostprocessor.OnPostprocessAllAssets 1.646ms
			AssetChangeDetector.OnPostprocessAllAssets 1.564ms
			RenderPipelineGlobalSettingsPostprocessor.OnPostprocessAllAssets 1.278ms
			EditModeScopePostprocessor.OnPostprocessAllAssets 1.164ms
			SpriteEditorTexturePostprocessor.OnPostprocessAllAssets 1.049ms
			MaterialPostprocessor.OnPostprocessAllAssets 1.035ms
			ArtifactBrowserPostProcessor.OnPostprocessAllAssets 0.709ms
			TMPro_TexturePostProcessor.OnPostprocessAllAssets 0.651ms
			PostProcessor.OnPostprocessAllAssets 0.617ms
			ShaderReflectionAssetPostProcessor.OnPostprocessAllAssets 0.614ms
			TextAssetPostProcessor.OnPostprocessAllAssets 0.559ms
			ModelAssetProcessor.OnPostprocessAllAssets 0.537ms
			SkillsProjectAssetPostprocessor.OnPostprocessAllAssets 0.530ms
			InputActionAssetPostprocessor.OnPostprocessAllAssets 0.507ms
			UVCSAssetPostprocessor.OnPostprocessAllAssets 0.484ms
			AudioMixerPostprocessor.OnPostprocessAllAssets 0.470ms
			InputActionJsonNameModifierAssetProcessor.OnPostprocessAllAssets 0.398ms
			SpeedTreePostProcessor.OnPostprocessAllAssets 0.368ms
			ReferencedClipsPostProcessor.OnPostprocessAllAssets 0.364ms
			StyleCatalogPostProcessor.OnPostprocessAllAssets 0.353ms
			SampleDependencyImporterPostProcessor.OnPostprocessAllAssets 0.333ms
			AssetEvents.OnPostprocessAllAssets 0.321ms
			ProjectSettingsPostprocessor.OnPostprocessAllAssets 0.265ms
			SamplePostprocessor.OnPostprocessAllAssets 0.235ms
			TerrainToolbarOverlayPostProcessor.OnPostprocessAllAssets 0.213ms
			AssetDatabaseCallbacks.OnPostprocessAllAssets 0.197ms
			ConfigAssetsTracker.OnPostprocessAllAssets 0.194ms
			AssetReloadNotifier.OnPostprocessAllAssets 0.164ms
			ScenarioDriftAssetsTracker.OnPostprocessAllAssets 0.151ms
			AudioContainerPostProcessor.OnPostprocessAllAssets 0.100ms
			TrackSelectedAssetsProcessor.OnPostprocessAllAssets 0.089ms
	PostAssetChangesProfiler: 103.743ms
	GatherAllCurrentPrimaryImportResultRevisions: 3.425ms
	UnloadStreamsBegin: 16.082ms
	PersistCurrentRevisions: 0.320ms
	GenerateScriptTypeHashes: 16.233ms
	GenerateScriptTypeSerializationHashes: 24.555ms
	Untracked: 10683.167ms

[Licensing::Client] Error: Code 404 while processing request (status: Found 0 entitlement groups and 0 free entitlements matching requested entitlement ids)
[Licensing::Client] Error: Code 404 while processing request (status: Found 0 entitlement groups and 0 free entitlements matching requested entitlement ids)
[Licensing::Client] Successfully resolved entitlement details
[Licensing::Client] Successfully resolved entitlement details
[Licensing::Client] Successfully resolved entitlement details
[RelayService] Bus validation failed: TaskCanceledException: A task was canceled.
UnityEngine.Debug:ExtractStackTraceNoAlloc (byte*,int,string)
UnityEngine.StackTraceUtility:ExtractStackTrace ()
UnityEngine.DebugLogHandler:Internal_Log (UnityEngine.LogType,UnityEngine.LogOption,string,UnityEngine.Object)
UnityEngine.DebugLogHandler:LogFormat (UnityEngine.LogType,UnityEngine.Object,string,object[])
UnityEngine.Logger:Log (UnityEngine.LogType,object)
UnityEngine.Debug:LogWarning (object)
Unity.Relay.Editor.RelayService/<TryConnectAsync>d__104:MoveNext () (at ./Library/PackageCache/com.unity.ai.assistant@c0127625258e/Editor/Assistant/Relay/RelayService.cs:770)
System.Runtime.CompilerServices.AsyncMethodBuilderCore/MoveNextRunner:InvokeMoveNext (object)
System.Threading.ExecutionContext:RunInternal (System.Threading.ExecutionContext,System.Threading.ContextCallback,object,bool)
System.Threading.ExecutionContext:Run (System.Threading.ExecutionContext,System.Threading.ContextCallback,object,bool)
System.Runtime.CompilerServices.AsyncMethodBuilderCore/MoveNextRunner:Run ()
System.Threading.Tasks.AwaitTaskContinuation:RunOrScheduleAction (System.Action,bool,System.Threading.Tasks.Task&)
System.Threading.Tasks.Task:FinishContinuations ()
System.Threading.Tasks.Task:FinishStageThree ()
System.Threading.Tasks.Task`1<bool>:TrySetResult (bool)
System.Runtime.CompilerServices.AsyncTaskMethodBuilder`1<bool>:SetResult (bool)
Unity.Relay.Editor.RelayService/<ValidateRelayViaBusAsync>d__115:MoveNext () (at ./Library/PackageCache/com.unity.ai.assistant@c0127625258e/Editor/Assistant/Relay/RelayService.cs:1094)
System.Runtime.CompilerServices.AsyncMethodBuilderCore/MoveNextRunner:InvokeMoveNext (object)
System.Threading.ExecutionContext:RunInternal (System.Threading.ExecutionContext,System.Threading.ContextCallback,object,bool)
System.Threading.ExecutionContext:Run (System.Threading.ExecutionContext,System.Threading.ContextCallback,object,bool)
System.Runtime.CompilerServices.AsyncMethodBuilderCore/MoveNextRunner:Run ()
System.Threading.Tasks.AwaitTaskContinuation:RunOrScheduleAction (System.Action,bool,System.Threading.Tasks.Task&)
System.Threading.Tasks.Task:FinishContinuations ()
System.Threading.Tasks.Task:FinishStageThree ()
System.Threading.Tasks.Task:CancellationCleanupLogic ()
System.Threading.Tasks.Task:TrySetCanceled (System.Threading.CancellationToken,object)
System.Runtime.CompilerServices.AsyncTaskMethodBuilder`1<Unity.Relay.InfoResponse>:SetException (System.Exception)
Unity.Relay.RelayBus/<CallAsync>d__19`2<Unity.Relay.InfoRequest, Unity.Relay.InfoResponse>:MoveNext () (at ./Library/PackageCache/com.unity.ai.assistant@c0127625258e/Editor/Assistant/Relay/Bus/RelayBus.cs:173)
System.Runtime.CompilerServices.AsyncMethodBuilderCore/MoveNextRunner:InvokeMoveNext (object)
System.Threading.ExecutionContext:RunInternal (System.Threading.ExecutionContext,System.Threading.ContextCallback,object,bool)
System.Threading.ExecutionContext:Run (System.Threading.ExecutionContext,System.Threading.ContextCallback,object,bool)
System.Runtime.CompilerServices.AsyncMethodBuilderCore/MoveNextRunner:Run ()
System.Threading.Tasks.AwaitTaskContinuation:RunOrScheduleAction (System.Action,bool,System.Threading.Tasks.Task&)
System.Threading.Tasks.Task:FinishContinuations ()
System.Threading.Tasks.Task:FinishStageThree ()
System.Threading.Tasks.Task:CancellationCleanupLogic ()
System.Threading.Tasks.Task:TrySetCanceled (System.Threading.CancellationToken,object)
System.Runtime.CompilerServices.AsyncTaskMethodBuilder`1<Unity.Relay.InfoResponse>:SetException (System.Exception)
Unity.Relay.RelayBus/<CallCoreAsync>d__21`2<Unity.Relay.InfoRequest, Unity.Relay.InfoResponse>:MoveNext () (at ./Library/PackageCache/com.unity.ai.assistant@c0127625258e/Editor/Assistant/Relay/Bus/RelayBus.cs:222)
System.Runtime.CompilerServices.AsyncMethodBuilderCore/MoveNextRunner:InvokeMoveNext (object)
System.Threading.ExecutionContext:RunInternal (System.Threading.ExecutionContext,System.Threading.ContextCallback,object,bool)
System.Threading.ExecutionContext:Run (System.Threading.ExecutionContext,System.Threading.ContextCallback,object,bool)
System.Runtime.CompilerServices.AsyncMethodBuilderCore/MoveNextRunner:Run ()
System.Threading.Tasks.AwaitTaskContinuation:System.Threading.IThreadPoolWorkItem.ExecuteWorkItem ()
System.Threading.ThreadPoolWorkQueue:Dispatch ()
System.Threading._ThreadPoolWaitCallback:PerformWaitCallback ()

(Filename: ./Library/PackageCache/com.unity.ai.assistant@c0127625258e/Editor/Assistant/Relay/RelayService.cs Line: 770)

[Licensing::Client] Successfully resolved entitlement details
[Licensing::Client] Error: Code 404 while processing request (status: Found 0 entitlement groups and 0 free entitlements matching requested entitlement ids)
[Licensing::Client] Error: Code 404 while processing request (status: Found 0 entitlement groups and 0 free entitlements matching requested entitlement ids)
[Licensing::Client] Error: Code 404 while processing request (status: Found 0 entitlement groups and 0 free entitlements matching requested entitlement ids)
[Licensing::Client] Error: Code 404 while processing request (status: Found 0 entitlement groups and 0 free entitlements matching requested entitlement ids)
[Licensing::Client] Error: Code 404 while processing request (status: Found 0 entitlement groups and 0 free entitlements matching requested entitlement ids)
[Licensing::Client] Error: Code 404 while processing request (status: Found 0 entitlement groups and 0 free entitlements matching requested entitlement ids)
UPID Received 'f2c00382-0b97-489b-8784-dfb113b40c20'.
[Licensing::Client] Error: Code 404 while processing request (status: Found 0 entitlement groups and 0 free entitlements matching requested entitlement ids)
[Licensing::Client] Error: Code 404 while processing request (status: Found 0 entitlement groups and 0 free entitlements matching requested entitlement ids)
[Licensing::Client] Successfully resolved entitlement details
Reloading assemblies for play mode.
Reloading assemblies after forced synchronous recompile.
Begin MonoManager ReloadAssembly
Symbol file LoadedFromMemory is not a mono symbol file
Symbol file LoadedFromMemory is not a mono symbol file
Refreshing native plugins compatible for Editor in 9.26 ms, found 5 plugins.
Native extension for WindowsStandalone target not found
Native extension for WebGL target not found
Start HTTP server: port:7801
Editor is not in automated mode. Modal Pop up might break continuous command workflow. Start the editor with -automated
UnityEngine.Debug:ExtractStackTraceNoAlloc (byte*,int,string)
UnityEngine.StackTraceUtility:ExtractStackTrace ()
UnityEngine.DebugLogHandler:Internal_Log (UnityEngine.LogType,UnityEngine.LogOption,string,UnityEngine.Object)
UnityEngine.DebugLogHandler:LogFormat (UnityEngine.LogType,UnityEngine.Object,string,object[])
UnityEngine.Logger:Log (UnityEngine.LogType,object)
UnityEngine.Debug:LogWarning (object)
Unity.Pipeline.Editor.EditorPipelineServer:ServerStarted () (at ./Library/PackageCache/com.unity.pipeline@24975d51528a/Editor/EditorPipelineServer.cs:88)
Unity.Pipeline.BasePipelineServer:Start (int) (at ./Library/PackageCache/com.unity.pipeline@24975d51528a/Runtime/Common/BasePipelineServer.cs:237)
Unity.Pipeline.Editor.PipelineServerStartup:StartServer () (at ./Library/PackageCache/com.unity.pipeline@24975d51528a/Editor/EditorPipelineStartup.cs:164)
Unity.Pipeline.Editor.PipelineServerStartup:.cctor () (at ./Library/PackageCache/com.unity.pipeline@24975d51528a/Editor/EditorPipelineStartup.cs:44)
System.Runtime.CompilerServices.RuntimeHelpers:RunClassConstructor (System.RuntimeTypeHandle)
UnityEditor.EditorAssemblies:ProcessInitializeOnLoadAttributes (System.ReadOnlySpan`1<intptr>)

(Filename: ./Library/PackageCache/com.unity.pipeline@24975d51528a/Editor/EditorPipelineServer.cs Line: 88)

[Licensing::Client] Error: Code 404 while processing request (status: Found 0 entitlement groups and 0 free entitlements matching requested entitlement ids)
ScheduleIndexationOnStartup MainProcess:True IndexOnStartup:True
[MODES] ModeService[none].Initialize
[MODES] ModeService[none].LoadModes
Mono: successfully reloaded assembly
- Finished resetting the current domain, in  6.333 seconds
Domain Reload Profiling: 13672ms
	BeginReloadAssembly (4952ms)
		DisableScriptedObjects (222ms)
		CreateAndSetChildDomain (3544ms)
	RebuildCommonClasses (30ms)
	RebuildNativeTypeToScriptingClass (27ms)
	initialDomainReloadingComplete (755ms)
	LoadAllAssembliesAndSetupDomain (1575ms)
		LoadAssemblies (1685ms)
		AnalyzeDomain (78ms)
			TypeCache.Refresh (29ms)
			BuildScriptInfoCaches (3ms)
			ResolveRequiredComponents (26ms)
	FinalizeReload (6334ms)
		SetupLoadedEditorAssemblies (0ms)
			InitializePlatformSupportModulesInManaged (4ms)
			BeforeProcessingInitializeOnLoad (238ms)
			ProcessInitializeOnLoadAttributes (2779ms)
			ProcessInitializeOnLoadMethodAttributes (612ms)
			AfterProcessingInitializeOnLoad (19ms)
		AwakeInstancesAfterBackupRestoration (1115ms)

Asset Pipeline Refresh (id=ee33fcd010515fa4ca2ad9862b013022): Total: 15.232 seconds - Initiated by StopAssetImportingV2(ForceSynchronousImport | ForceDomainReload)
	(Values over 0.05ms)
	Summary:
		Imports: total=0 (actual=0, local cache=0, cache server=0)
		Asset DB Process Time: managed=0 ms, native=7413 ms
		Asset DB Callback time: managed=69 ms, native=0 ms
		Scripting: domain reloads=1, domain reload time=7744 ms, compile time=2 ms, other=0 ms
		Project Asset Count: scripts=2203, non-scripts=5375
		Asset File Changes: new=0, changed=0, moved=0, deleted=0
		Scan Filter Count: 0
	InvokePackagesCallback: 5.378ms
	ApplyChangesToAssetFolders: 0.637ms
	Collect global state as custom dependencies: 7.332ms
	ProcessAssetsWithTransientArtifactChanges: 3.488ms
	CategorizeAssets: 672.813ms
	CompileScripts: 2.141ms
	ImportOutOfDateAssets: 6468.594ms (6383.946ms without children)
		CollectScriptTypesHashes: 1.654ms
		ReloadNativeAssets: 1.626ms
		UnloadImportedAssets: 0.482ms
		EnsureUptoDateAssetsAreRegisteredWithGuidPM: 3.161ms
		ImportSchedulerStart: 79.286ms
	PostProcessAllAssets: 69.358ms
		MonoPostProcessAllAssets: 69.349ms
			AssetPostprocessor.OnPostprocessAllAssets 135.937ms
			AssetReferenceReimportMonitor.OnPostprocessAllAssets 45.667ms
			UniversalRenderPipelineGlobalSettingsPostprocessor.OnPostprocessAllAssets 20.899ms
			SyncVS.PostprocessSyncProject 14.832ms
			BuilderAssetPostprocessor.OnPostprocessAllAssets 14.466ms
			SpriteSlicePostprocessor.OnPostprocessAllAssets 8.030ms
			AssetChangedListener.OnPostprocessAllAssets 7.406ms
			WindowAssetPostprocessingWatcher.OnPostprocessAllAssets 3.383ms
			SpeedTree9Postprocessor.OnPostprocessAllAssets 3.333ms
			ShaderGraphAssetPostProcessor.OnPostprocessAllAssets 3.059ms
			GraphRefreshPostprocessor.OnPostprocessAllAssets 2.780ms
			AssetChangeDetector.OnPostprocessAllAssets 1.895ms
			RetainedModeAssetPostprocessor.OnPostprocessAllAssets 1.646ms
			RenderPipelineGlobalSettingsPostprocessor.OnPostprocessAllAssets 1.453ms
			SpriteEditorTexturePostprocessor.OnPostprocessAllAssets 1.049ms
			MaterialPostprocessor.OnPostprocessAllAssets 1.035ms
			ReferencedClipsPostProcessor.OnPostprocessAllAssets 0.807ms
			ArtifactBrowserPostProcessor.OnPostprocessAllAssets 0.709ms
			ShaderReflectionAssetPostProcessor.OnPostprocessAllAssets 0.674ms
			TMPro_TexturePostProcessor.OnPostprocessAllAssets 0.651ms
			PostProcessor.OnPostprocessAllAssets 0.617ms
			TextAssetPostProcessor.OnPostprocessAllAssets 0.559ms
			ModelAssetProcessor.OnPostprocessAllAssets 0.537ms
			SkillsProjectAssetPostprocessor.OnPostprocessAllAssets 0.530ms
			UVCSAssetPostprocessor.OnPostprocessAllAssets 0.484ms
			AudioMixerPostprocessor.OnPostprocessAllAssets 0.470ms
			AssetDatabaseCallbacks.OnPostprocessAllAssets 0.441ms
			InputActionAssetPostprocessor.OnPostprocessAllAssets 0.422ms
			InputActionJsonNameModifierAssetProcessor.OnPostprocessAllAssets 0.398ms
			EditModeScopePostprocessor.OnPostprocessAllAssets 0.386ms
			SpeedTreePostProcessor.OnPostprocessAllAssets 0.368ms
			StyleCatalogPostProcessor.OnPostprocessAllAssets 0.353ms
			ProjectSettingsPostprocessor.OnPostprocessAllAssets 0.348ms
			SampleDependencyImporterPostProcessor.OnPostprocessAllAssets 0.333ms
			AssetEvents.OnPostprocessAllAssets 0.321ms
			SamplePostprocessor.OnPostprocessAllAssets 0.235ms
			TerrainToolbarOverlayPostProcessor.OnPostprocessAllAssets 0.213ms
			ConfigAssetsTracker.OnPostprocessAllAssets 0.194ms
			AssetReloadNotifier.OnPostprocessAllAssets 0.164ms
			ScenarioDriftAssetsTracker.OnPostprocessAllAssets 0.151ms
			AudioContainerPostProcessor.OnPostprocessAllAssets 0.100ms
			TrackSelectedAssetsProcessor.OnPostprocessAllAssets 0.089ms
	GatherAllCurrentPrimaryImportResultRevisions: 8.330ms
	UnloadStreamsBegin: 3.364ms
	PersistCurrentRevisions: 0.305ms
	GenerateScriptTypeHashes: 4.337ms
	GenerateScriptTypeSerializationHashes: 7.159ms
	Untracked: 7975.195ms

Loaded scene 'Temp/__Backupscenes/0.backup'
	Deserialize:            9.138 ms
	Integration:            2416.207 ms
	Integration of assets:  0.012 ms
	Thread Wait Time:       0.001 ms
	Total Operation Time:   2425.358 ms
[Licensing::Client] Error: Code 404 while processing request (status: Found 0 entitlement groups and 0 free entitlements matching requested entitlement ids)
[Licensing::Client] Successfully resolved entitlement details
[Licensing::Client] Successfully resolved entitlement details
[Licensing::Client] Successfully resolved entitlement details
[Licensing::Client] Successfully resolved entitlement details
[RelayService] Bus validation failed: TaskCanceledException: A task was canceled.
UnityEngine.Debug:ExtractStackTraceNoAlloc (byte*,int,string)
UnityEngine.StackTraceUtility:ExtractStackTrace ()
UnityEngine.DebugLogHandler:Internal_Log (UnityEngine.LogType,UnityEngine.LogOption,string,UnityEngine.Object)
UnityEngine.DebugLogHandler:LogFormat (UnityEngine.LogType,UnityEngine.Object,string,object[])
UnityEngine.Logger:Log (UnityEngine.LogType,object)
UnityEngine.Debug:LogWarning (object)
Unity.Relay.Editor.RelayService/<TryConnectAsync>d__104:MoveNext () (at ./Library/PackageCache/com.unity.ai.assistant@c0127625258e/Editor/Assistant/Relay/RelayService.cs:770)
System.Runtime.CompilerServices.AsyncMethodBuilderCore/MoveNextRunner:InvokeMoveNext (object)
System.Threading.ExecutionContext:RunInternal (System.Threading.ExecutionContext,System.Threading.ContextCallback,object,bool)
System.Threading.ExecutionContext:Run (System.Threading.ExecutionContext,System.Threading.ContextCallback,object,bool)
System.Runtime.CompilerServices.AsyncMethodBuilderCore/MoveNextRunner:Run ()
System.Threading.Tasks.AwaitTaskContinuation:RunOrScheduleAction (System.Action,bool,System.Threading.Tasks.Task&)
System.Threading.Tasks.Task:FinishContinuations ()
System.Threading.Tasks.Task:FinishStageThree ()
System.Threading.Tasks.Task`1<bool>:TrySetResult (bool)
System.Runtime.CompilerServices.AsyncTaskMethodBuilder`1<bool>:SetResult (bool)
Unity.Relay.Editor.RelayService/<ValidateRelayViaBusAsync>d__115:MoveNext () (at ./Library/PackageCache/com.unity.ai.assistant@c0127625258e/Editor/Assistant/Relay/RelayService.cs:1094)
System.Runtime.CompilerServices.AsyncMethodBuilderCore/MoveNextRunner:InvokeMoveNext (object)
System.Threading.ExecutionContext:RunInternal (System.Threading.ExecutionContext,System.Threading.ContextCallback,object,bool)
System.Threading.ExecutionContext:Run (System.Threading.ExecutionContext,System.Threading.ContextCallback,object,bool)
System.Runtime.CompilerServices.AsyncMethodBuilderCore/MoveNextRunner:Run ()
System.Threading.Tasks.AwaitTaskContinuation:RunOrScheduleAction (System.Action,bool,System.Threading.Tasks.Task&)
System.Threading.Tasks.Task:FinishContinuations ()
System.Threading.Tasks.Task:FinishStageThree ()
System.Threading.Tasks.Task:CancellationCleanupLogic ()
System.Threading.Tasks.Task:TrySetCanceled (System.Threading.CancellationToken,object)
System.Runtime.CompilerServices.AsyncTaskMethodBuilder`1<Unity.Relay.InfoResponse>:SetException (System.Exception)
Unity.Relay.RelayBus/<CallAsync>d__19`2<Unity.Relay.InfoRequest, Unity.Relay.InfoResponse>:MoveNext () (at ./Library/PackageCache/com.unity.ai.assistant@c0127625258e/Editor/Assistant/Relay/Bus/RelayBus.cs:173)
System.Runtime.CompilerServices.AsyncMethodBuilderCore/MoveNextRunner:InvokeMoveNext (object)
System.Threading.ExecutionContext:RunInternal (System.Threading.ExecutionContext,System.Threading.ContextCallback,object,bool)
System.Threading.ExecutionContext:Run (System.Threading.ExecutionContext,System.Threading.ContextCallback,object,bool)
System.Runtime.CompilerServices.AsyncMethodBuilderCore/MoveNextRunner:Run ()
System.Threading.Tasks.AwaitTaskContinuation:RunOrScheduleAction (System.Action,bool,System.Threading.Tasks.Task&)
System.Threading.Tasks.Task:FinishContinuations ()
System.Threading.Tasks.Task:FinishStageThree ()
System.Threading.Tasks.Task:CancellationCleanupLogic ()
System.Threading.Tasks.Task:TrySetCanceled (System.Threading.CancellationToken,object)
System.Runtime.CompilerServices.AsyncTaskMethodBuilder`1<Unity.Relay.InfoResponse>:SetException (System.Exception)
Unity.Relay.RelayBus/<CallCoreAsync>d__21`2<Unity.Relay.InfoRequest, Unity.Relay.InfoResponse>:MoveNext () (at ./Library/PackageCache/com.unity.ai.assistant@c0127625258e/Editor/Assistant/Relay/Bus/RelayBus.cs:222)
System.Runtime.CompilerServices.AsyncMethodBuilderCore/MoveNextRunner:InvokeMoveNext (object)
System.Threading.ExecutionContext:RunInternal (System.Threading.ExecutionContext,System.Threading.ContextCallback,object,bool)
System.Threading.ExecutionContext:Run (System.Threading.ExecutionContext,System.Threading.ContextCallback,object,bool)
System.Runtime.CompilerServices.AsyncMethodBuilderCore/MoveNextRunner:Run ()
System.Threading.Tasks.AwaitTaskContinuation:System.Threading.IThreadPoolWorkItem.ExecuteWorkItem ()
System.Threading.ThreadPoolWorkQueue:Dispatch ()
System.Threading._ThreadPoolWaitCallback:PerformWaitCallback ()

(Filename: ./Library/PackageCache/com.unity.ai.assistant@c0127625258e/Editor/Assistant/Relay/RelayService.cs Line: 770)

Chave door01 coletada!
UnityEngine.Debug:ExtractStackTraceNoAlloc (byte*,int,string)
UnityEngine.StackTraceUtility:ExtractStackTrace ()
UnityEngine.DebugLogHandler:Internal_Log (UnityEngine.LogType,UnityEngine.LogOption,string,UnityEngine.Object)
UnityEngine.DebugLogHandler:LogFormat (UnityEngine.LogType,UnityEngine.Object,string,object[])
UnityEngine.Logger:Log (UnityEngine.LogType,object)
UnityEngine.Debug:Log (object)
Key:Interact (UnityEngine.GameObject) (at Assets/Scripts/Key.cs:13)
PlayerInteraction:TryInteract () (at Assets/Scripts/PlayerInteraction.cs:78)
PlayerInteraction:Update () (at Assets/Scripts/PlayerInteraction.cs:40)

(Filename: Assets/Scripts/Key.cs Line: 13)

NullReferenceException: Object reference not set to an instance of an object
  at Key.Interact (UnityEngine.GameObject interactor) [0x00031] in C:\Users\Keven\My project\Assets\Scripts\Key.cs:18 
  at PlayerInteraction.TryInteract () [0x00008] in C:\Users\Keven\My project\Assets\Scripts\PlayerInteraction.cs:78 
  at PlayerInteraction.Update () [0x00020] in C:\Users\Keven\My project\Assets\Scripts\PlayerInteraction.cs:40 

(Filename: Assets/Scripts/PlayerInteraction.cs Line: 78)

Chave door01 coletada!
UnityEngine.Debug:ExtractStackTraceNoAlloc (byte*,int,string)
UnityEngine.StackTraceUtility:ExtractStackTrace ()
UnityEngine.DebugLogHandler:Internal_Log (UnityEngine.LogType,UnityEngine.LogOption,string,UnityEngine.Object)
UnityEngine.DebugLogHandler:LogFormat (UnityEngine.LogType,UnityEngine.Object,string,object[])
UnityEngine.Logger:Log (UnityEngine.LogType,object)
UnityEngine.Debug:Log (object)
Key:Interact (UnityEngine.GameObject) (at Assets/Scripts/Key.cs:13)
PlayerInteraction:TryInteract () (at Assets/Scripts/PlayerInteraction.cs:78)
PlayerInteraction:Update () (at Assets/Scripts/PlayerInteraction.cs:40)

(Filename: Assets/Scripts/Key.cs Line: 13)

NullReferenceException: Object reference not set to an instance of an object
  at Key.Interact (UnityEngine.GameObject interactor) [0x00031] in C:\Users\Keven\My project\Assets\Scripts\Key.cs:18 
  at PlayerInteraction.TryInteract () [0x00008] in C:\Users\Keven\My project\Assets\Scripts\PlayerInteraction.cs:78 
  at PlayerInteraction.Update () [0x00020] in C:\Users\Keven\My project\Assets\Scripts\PlayerInteraction.cs:40 

(Filename: Assets/Scripts/PlayerInteraction.cs Line: 78)

Chave door01 coletada!
UnityEngine.Debug:ExtractStackTraceNoAlloc (byte*,int,string)
UnityEngine.StackTraceUtility:ExtractStackTrace ()
UnityEngine.DebugLogHandler:Internal_Log (UnityEngine.LogType,UnityEngine.LogOption,string,UnityEngine.Object)
UnityEngine.DebugLogHandler:LogFormat (UnityEngine.LogType,UnityEngine.Object,string,object[])
UnityEngine.Logger:Log (UnityEngine.LogType,object)
UnityEngine.Debug:Log (object)
Key:Interact (UnityEngine.GameObject) (at Assets/Scripts/Key.cs:13)
PlayerInteraction:TryInteract () (at Assets/Scripts/PlayerInteraction.cs:78)
PlayerInteraction:Update () (at Assets/Scripts/PlayerInteraction.cs:40)

(Filename: Assets/Scripts/Key.cs Line: 13)

NullReferenceException: Object reference not set to an instance of an object
  at Key.Interact (UnityEngine.GameObject interactor) [0x00031] in C:\Users\Keven\My project\Assets\Scripts\Key.cs:18 
  at PlayerInteraction.TryInteract () [0x00008] in C:\Users\Keven\My project\Assets\Scripts\PlayerInteraction.cs:78 
  at PlayerInteraction.Update () [0x00020] in C:\Users\Keven\My project\Assets\Scripts\PlayerInteraction.cs:40 

(Filename: Assets/Scripts/PlayerInteraction.cs Line: 78)

Chave door01 coletada!
UnityEngine.Debug:ExtractStackTraceNoAlloc (byte*,int,string)
UnityEngine.StackTraceUtility:ExtractStackTrace ()
UnityEngine.DebugLogHandler:Internal_Log (UnityEngine.LogType,UnityEngine.LogOption,string,UnityEngine.Object)
UnityEngine.DebugLogHandler:LogFormat (UnityEngine.LogType,UnityEngine.Object,string,object[])
UnityEngine.Logger:Log (UnityEngine.LogType,object)
UnityEngine.Debug:Log (object)
Key:Interact (UnityEngine.GameObject) (at Assets/Scripts/Key.cs:13)
PlayerInteraction:TryInteract () (at Assets/Scripts/PlayerInteraction.cs:78)
PlayerInteraction:Update () (at Assets/Scripts/PlayerInteraction.cs:40)

(Filename: Assets/Scripts/Key.cs Line: 13)

NullReferenceException: Object reference not set to an instance of an object
  at Key.Interact (UnityEngine.GameObject interactor) [0x00031] in C:\Users\Keven\My project\Assets\Scripts\Key.cs:18 
  at PlayerInteraction.TryInteract () [0x00008] in C:\Users\Keven\My project\Assets\Scripts\PlayerInteraction.cs:78 
  at PlayerInteraction.Update () [0x00020] in C:\Users\Keven\My project\Assets\Scripts\PlayerInteraction.cs:40 

(Filename: Assets/Scripts/PlayerInteraction.cs Line: 78)

Chave door01 coletada!
UnityEngine.Debug:ExtractStackTraceNoAlloc (byte*,int,string)
UnityEngine.StackTraceUtility:ExtractStackTrace ()
UnityEngine.DebugLogHandler:Internal_Log (UnityEngine.LogType,UnityEngine.LogOption,string,UnityEngine.Object)
UnityEngine.DebugLogHandler:LogFormat (UnityEngine.LogType,UnityEngine.Object,string,object[])
UnityEngine.Logger:Log (UnityEngine.LogType,object)
UnityEngine.Debug:Log (object)
Key:Interact (UnityEngine.GameObject) (at Assets/Scripts/Key.cs:13)
PlayerInteraction:TryInteract () (at Assets/Scripts/PlayerInteraction.cs:78)
PlayerInteraction:Update () (at Assets/Scripts/PlayerInteraction.cs:40)

(Filename: Assets/Scripts/Key.cs Line: 13)

NullReferenceException: Object reference not set to an instance of an object
  at Key.Interact (UnityEngine.GameObject interactor) [0x00031] in C:\Users\Keven\My project\Assets\Scripts\Key.cs:18 
  at PlayerInteraction.TryInteract () [0x00008] in C:\Users\Keven\My project\Assets\Scripts\PlayerInteraction.cs:78 
  at PlayerInteraction.Update () [0x00020] in C:\Users\Keven\My project\Assets\Scripts\PlayerInteraction.cs:40 

(Filename: Assets/Scripts/PlayerInteraction.cs Line: 78)

Chave door01 coletada!
UnityEngine.Debug:ExtractStackTraceNoAlloc (byte*,int,string)
UnityEngine.StackTraceUtility:ExtractStackTrace ()
UnityEngine.DebugLogHandler:Internal_Log (UnityEngine.LogType,UnityEngine.LogOption,string,UnityEngine.Object)
UnityEngine.DebugLogHandler:LogFormat (UnityEngine.LogType,UnityEngine.Object,string,object[])
UnityEngine.Logger:Log (UnityEngine.LogType,object)
UnityEngine.Debug:Log (object)
Key:Interact (UnityEngine.GameObject) (at Assets/Scripts/Key.cs:13)
PlayerInteraction:TryInteract () (at Assets/Scripts/PlayerInteraction.cs:78)
PlayerInteraction:Update () (at Assets/Scripts/PlayerInteraction.cs:40)

(Filename: Assets/Scripts/Key.cs Line: 13)

NullReferenceException: Object reference not set to an instance of an object
  at Key.Interact (UnityEngine.GameObject interactor) [0x00031] in C:\Users\Keven\My project\Assets\Scripts\Key.cs:18 
  at PlayerInteraction.TryInteract () [0x00008] in C:\Users\Keven\My project\Assets\Scripts\PlayerInteraction.cs:78 
  at PlayerInteraction.Update () [0x00020] in C:\Users\Keven\My project\Assets\Scripts\PlayerInteraction.cs:40 

(Filename: Assets/Scripts/PlayerInteraction.cs Line: 78)

Chave door01 coletada!
UnityEngine.Debug:ExtractStackTraceNoAlloc (byte*,int,string)
UnityEngine.StackTraceUtility:ExtractStackTrace ()
UnityEngine.DebugLogHandler:Internal_Log (UnityEngine.LogType,UnityEngine.LogOption,string,UnityEngine.Object)
UnityEngine.DebugLogHandler:LogFormat (UnityEngine.LogType,UnityEngine.Object,string,object[])
UnityEngine.Logger:Log (UnityEngine.LogType,object)
UnityEngine.Debug:Log (object)
Key:Interact (UnityEngine.GameObject) (at Assets/Scripts/Key.cs:13)
PlayerInteraction:TryInteract () (at Assets/Scripts/PlayerInteraction.cs:78)
PlayerInteraction:Update () (at Assets/Scripts/PlayerInteraction.cs:40)

(Filename: Assets/Scripts/Key.cs Line: 13)

NullReferenceException: Object reference not set to an instance of an object
  at Key.Interact (UnityEngine.GameObject interactor) [0x00031] in C:\Users\Keven\My project\Assets\Scripts\Key.cs:18 
  at PlayerInteraction.TryInteract () [0x00008] in C:\Users\Keven\My project\Assets\Scripts\PlayerInteraction.cs:78 
  at PlayerInteraction.Update () [0x00020] in C:\Users\Keven\My project\Assets\Scripts\PlayerInteraction.cs:40 

(Filename: Assets/Scripts/PlayerInteraction.cs Line: 78)

Chave door01 coletada!
UnityEngine.Debug:ExtractStackTraceNoAlloc (byte*,int,string)
UnityEngine.StackTraceUtility:ExtractStackTrace ()
UnityEngine.DebugLogHandler:Internal_Log (UnityEngine.LogType,UnityEngine.LogOption,string,UnityEngine.Object)
UnityEngine.DebugLogHandler:LogFormat (UnityEngine.LogType,UnityEngine.Object,string,object[])
UnityEngine.Logger:Log (UnityEngine.LogType,object)
UnityEngine.Debug:Log (object)
Key:Interact (UnityEngine.GameObject) (at Assets/Scripts/Key.cs:13)
PlayerInteraction:TryInteract () (at Assets/Scripts/PlayerInteraction.cs:78)
PlayerInteraction:Update () (at Assets/Scripts/PlayerInteraction.cs:40)

(Filename: Assets/Scripts/Key.cs Line: 13)

NullReferenceException: Object reference not set to an instance of an object
  at Key.Interact (UnityEngine.GameObject interactor) [0x00031] in C:\Users\Keven\My project\Assets\Scripts\Key.cs:18 
  at PlayerInteraction.TryInteract () [0x00008] in C:\Users\Keven\My project\Assets\Scripts\PlayerInteraction.cs:78 
  at PlayerInteraction.Update () [0x00020] in C:\Users\Keven\My project\Assets\Scripts\PlayerInteraction.cs:40 

(Filename: Assets/Scripts/PlayerInteraction.cs Line: 78)

Chave door01 coletada!
UnityEngine.Debug:ExtractStackTraceNoAlloc (byte*,int,string)
UnityEngine.StackTraceUtility:ExtractStackTrace ()
UnityEngine.DebugLogHandler:Internal_Log (UnityEngine.LogType,UnityEngine.LogOption,string,UnityEngine.Object)
UnityEngine.DebugLogHandler:LogFormat (UnityEngine.LogType,UnityEngine.Object,string,object[])
UnityEngine.Logger:Log (UnityEngine.LogType,object)
UnityEngine.Debug:Log (object)
Key:Interact (UnityEngine.GameObject) (at Assets/Scripts/Key.cs:13)
PlayerInteraction:TryInteract () (at Assets/Scripts/PlayerInteraction.cs:78)
PlayerInteraction:Update () (at Assets/Scripts/PlayerInteraction.cs:40)

(Filename: Assets/Scripts/Key.cs Line: 13)

NullReferenceException: Object reference not set to an instance of an object
  at Key.Interact (UnityEngine.GameObject interactor) [0x00031] in C:\Users\Keven\My project\Assets\Scripts\Key.cs:18 
  at PlayerInteraction.TryInteract () [0x00008] in C:\Users\Keven\My project\Assets\Scripts\PlayerInteraction.cs:78 
  at PlayerInteraction.Update () [0x00020] in C:\Users\Keven\My project\Assets\Scripts\PlayerInteraction.cs:40 

(Filename: Assets/Scripts/PlayerInteraction.cs Line: 78)

Chave door01 coletada!
UnityEngine.Debug:ExtractStackTraceNoAlloc (byte*,int,string)
UnityEngine.StackTraceUtility:ExtractStackTrace ()
UnityEngine.DebugLogHandler:Internal_Log (UnityEngine.LogType,UnityEngine.LogOption,string,UnityEngine.Object)
UnityEngine.DebugLogHandler:LogFormat (UnityEngine.LogType,UnityEngine.Object,string,object[])
UnityEngine.Logger:Log (UnityEngine.LogType,object)
UnityEngine.Debug:Log (object)
Key:Interact (UnityEngine.GameObject) (at Assets/Scripts/Key.cs:13)
PlayerInteraction:TryInteract () (at Assets/Scripts/PlayerInteraction.cs:78)
PlayerInteraction:Update () (at Assets/Scripts/PlayerInteraction.cs:40)

(Filename: Assets/Scripts/Key.cs Line: 13)

NullReferenceException: Object reference not set to an instance of an object
  at Key.Interact (UnityEngine.GameObject interactor) [0x00031] in C:\Users\Keven\My project\Assets\Scripts\Key.cs:18 
  at PlayerInteraction.TryInteract () [0x00008] in C:\Users\Keven\My project\Assets\Scripts\PlayerInteraction.cs:78 
  at PlayerInteraction.Update () [0x00020] in C:\Users\Keven\My project\Assets\Scripts\PlayerInteraction.cs:40 

(Filename: Assets/Scripts/PlayerInteraction.cs Line: 78)

Chave door01 coletada!
UnityEngine.Debug:ExtractStackTraceNoAlloc (byte*,int,string)
UnityEngine.StackTraceUtility:ExtractStackTrace ()
UnityEngine.DebugLogHandler:Internal_Log (UnityEngine.LogType,UnityEngine.LogOption,string,UnityEngine.Object)
UnityEngine.DebugLogHandler:LogFormat (UnityEngine.LogType,UnityEngine.Object,string,object[])
UnityEngine.Logger:Log (UnityEngine.LogType,object)
UnityEngine.Debug:Log (object)
Key:Interact (UnityEngine.GameObject) (at Assets/Scripts/Key.cs:13)
PlayerInteraction:TryInteract () (at Assets/Scripts/PlayerInteraction.cs:78)
PlayerInteraction:Update () (at Assets/Scripts/PlayerInteraction.cs:40)

(Filename: Assets/Scripts/Key.cs Line: 13)

NullReferenceException: Object reference not set to an instance of an object
  at Key.Interact (UnityEngine.GameObject interactor) [0x00031] in C:\Users\Keven\My project\Assets\Scripts\Key.cs:18 
  at PlayerInteraction.TryInteract () [0x00008] in C:\Users\Keven\My project\Assets\Scripts\PlayerInteraction.cs:78 
  at PlayerInteraction.Update () [0x00020] in C:\Users\Keven\My project\Assets\Scripts\PlayerInteraction.cs:40 

(Filename: Assets/Scripts/PlayerInteraction.cs Line: 78)

Chave door01 coletada!
UnityEngine.Debug:ExtractStackTraceNoAlloc (byte*,int,string)
UnityEngine.StackTraceUtility:ExtractStackTrace ()
UnityEngine.DebugLogHandler:Internal_Log (UnityEngine.LogType,UnityEngine.LogOption,string,UnityEngine.Object)
UnityEngine.DebugLogHandler:LogFormat (UnityEngine.LogType,UnityEngine.Object,string,object[])
UnityEngine.Logger:Log (UnityEngine.LogType,object)
UnityEngine.Debug:Log (object)
Key:Interact (UnityEngine.GameObject) (at Assets/Scripts/Key.cs:13)
PlayerInteraction:TryInteract () (at Assets/Scripts/PlayerInteraction.cs:78)
PlayerInteraction:Update () (at Assets/Scripts/PlayerInteraction.cs:40)

(Filename: Assets/Scripts/Key.cs Line: 13)

NullReferenceException: Object reference not set to an instance of an object
  at Key.Interact (UnityEngine.GameObject interactor) [0x00031] in C:\Users\Keven\My project\Assets\Scripts\Key.cs:18 
  at PlayerInteraction.TryInteract () [0x00008] in C:\Users\Keven\My project\Assets\Scripts\PlayerInteraction.cs:78 
  at PlayerInteraction.Update () [0x00020] in C:\Users\Keven\My project\Assets\Scripts\PlayerInteraction.cs:40 

(Filename: Assets/Scripts/PlayerInteraction.cs Line: 78)

Chave door01 coletada!
UnityEngine.Debug:ExtractStackTraceNoAlloc (byte*,int,string)
UnityEngine.StackTraceUtility:ExtractStackTrace ()
UnityEngine.DebugLogHandler:Internal_Log (UnityEngine.LogType,UnityEngine.LogOption,string,UnityEngine.Object)
UnityEngine.DebugLogHandler:LogFormat (UnityEngine.LogType,UnityEngine.Object,string,object[])
UnityEngine.Logger:Log (UnityEngine.LogType,object)
UnityEngine.Debug:Log (object)
Key:Interact (UnityEngine.GameObject) (at Assets/Scripts/Key.cs:13)
PlayerInteraction:TryInteract () (at Assets/Scripts/PlayerInteraction.cs:78)
PlayerInteraction:Update () (at Assets/Scripts/PlayerInteraction.cs:40)

(Filename: Assets/Scripts/Key.cs Line: 13)

NullReferenceException: Object reference not set to an instance of an object
  at Key.Interact (UnityEngine.GameObject interactor) [0x00031] in C:\Users\Keven\My project\Assets\Scripts\Key.cs:18 
  at PlayerInteraction.TryInteract () [0x00008] in C:\Users\Keven\My project\Assets\Scripts\PlayerInteraction.cs:78 
  at PlayerInteraction.Update () [0x00020] in C:\Users\Keven\My project\Assets\Scripts\PlayerInteraction.cs:40 

(Filename: Assets/Scripts/PlayerInteraction.cs Line: 78)

Chave door01 coletada!
UnityEngine.Debug:ExtractStackTraceNoAlloc (byte*,int,string)
UnityEngine.StackTraceUtility:ExtractStackTrace ()
UnityEngine.DebugLogHandler:Internal_Log (UnityEngine.LogType,UnityEngine.LogOption,string,UnityEngine.Object)
UnityEngine.DebugLogHandler:LogFormat (UnityEngine.LogType,UnityEngine.Object,string,object[])
UnityEngine.Logger:Log (UnityEngine.LogType,object)
UnityEngine.Debug:Log (object)
Key:Interact (UnityEngine.GameObject) (at Assets/Scripts/Key.cs:13)
PlayerInteraction:TryInteract () (at Assets/Scripts/PlayerInteraction.cs:78)
PlayerInteraction:Update () (at Assets/Scripts/PlayerInteraction.cs:40)

(Filename: Assets/Scripts/Key.cs Line: 13)

NullReferenceException: Object reference not set to an instance of an object
  at Key.Interact (UnityEngine.GameObject interactor) [0x00031] in C:\Users\Keven\My project\Assets\Scripts\Key.cs:18 
  at PlayerInteraction.TryInteract () [0x00008] in C:\Users\Keven\My project\Assets\Scripts\PlayerInteraction.cs:78 
  at PlayerInteraction.Update () [0x00020] in C:\Users\Keven\My project\Assets\Scripts\PlayerInteraction.cs:40 

(Filename: Assets/Scripts/PlayerInteraction.cs Line: 78)

Chave door01 coletada!
UnityEngine.Debug:ExtractStackTraceNoAlloc (byte*,int,string)
UnityEngine.StackTraceUtility:ExtractStackTrace ()
UnityEngine.DebugLogHandler:Internal_Log (UnityEngine.LogType,UnityEngine.LogOption,string,UnityEngine.Object)
UnityEngine.DebugLogHandler:LogFormat (UnityEngine.LogType,UnityEngine.Object,string,object[])
UnityEngine.Logger:Log (UnityEngine.LogType,object)
UnityEngine.Debug:Log (object)
Key:Interact (UnityEngine.GameObject) (at Assets/Scripts/Key.cs:13)
PlayerInteraction:TryInteract () (at Assets/Scripts/PlayerInteraction.cs:78)
PlayerInteraction:Update () (at Assets/Scripts/PlayerInteraction.cs:40)

(Filename: Assets/Scripts/Key.cs Line: 13)

NullReferenceException: Object reference not set to an instance of an object
  at Key.Interact (UnityEngine.GameObject interactor) [0x00031] in C:\Users\Keven\My project\Assets\Scripts\Key.cs:18 
  at PlayerInteraction.TryInteract () [0x00008] in C:\Users\Keven\My project\Assets\Scripts\PlayerInteraction.cs:78 
  at PlayerInteraction.Update () [0x00020] in C:\Users\Keven\My project\Assets\Scripts\PlayerInteraction.cs:40 

(Filename: Assets/Scripts/PlayerInteraction.cs Line: 78)

Unloading 2 Unused Serialized files (Serialized files now loaded: 0)
Loaded scene 'Temp/__Backupscenes/0.backup'
	Deserialize:            6.796 ms
	Integration:            477.653 ms
	Integration of assets:  0.005 ms
	Thread Wait Time:       0.004 ms
	Total Operation Time:   484.458 ms
Unloading 76 unused Assets / (1.8 MB). Loaded Objects now: 12713.
Memory consumption went from 0.79 GB to 0.79 GB.
Total: 55.579500 ms (FindLiveObjects: 0.969500 ms CreateObjectMapping: 1.026500 ms MarkObjects: 52.077800 ms  DeleteObjects: 1.501800 ms)

[Licensing::Client] Successfully resolved entitlement details
Request Asset Garbage Collect because used heap size increased from 0.78 GB to 1.03 GB, exceeding the threshold of 256.0 MB.
Unloading 4 Unused Serialized files (Serialized files now loaded: 0)
Unloading 20 unused Assets / (63.1 KB). Loaded Objects now: 12902.
Memory consumption went from 1.03 GB to 1.03 GB.
Total: 53.353500 ms (FindLiveObjects: 1.160900 ms CreateObjectMapping: 1.090900 ms MarkObjects: 50.930300 ms  DeleteObjects: 0.169700 ms)


[INFO ] [relay] log Client disconnected - blocking and caching for recovery
[WARN ] [relay] connection.lost clientId=null
[WARN ] [relay] log Client disconnected - sessions will persist until auto-shutdown, reason: Client disconnected
[INFO ] [relay] log Auto-shutdown timer started due to client disconnection
Asset Pipeline Refresh (id=4e50b814edaefee46bbbfaa6c95d3502): Total: 0.054 seconds - Initiated by RefreshV2(AllowForceSynchronousImport)
[Licensing::Client] Error: Code 404 while processing request (status: Found 0 entitlement groups and 0 free entitlements matching requested entitlement ids)
[ScriptCompilation] Requested script compilation because: AssetDatabase observed changes in script compilation related files
[Licensing::Client] Successfully resolved entitlement details
info: Microsoft.AspNetCore.Hosting.Diagnostics[1]
      Request starting HTTP/2 POST http://ilpp/UnityILPP.PostProcessing/Ping - application/grpc -
info: Microsoft.AspNetCore.Routing.EndpointMiddleware[0]
      Executing endpoint 'gRPC - /UnityILPP.PostProcessing/Ping'
info: Microsoft.AspNetCore.Routing.EndpointMiddleware[1]
      Executed endpoint 'gRPC - /UnityILPP.PostProcessing/Ping'
info: Microsoft.AspNetCore.Hosting.Diagnostics[2]
      Request finished HTTP/2 POST http://ilpp/UnityILPP.PostProcessing/Ping - 200 - application/grpc 0.4018ms
Starting: C:\Program Files\Unity\Hub\Editor\6000.5.10f1\Editor\Data\Tools\BuildPipeline\bee_backend.exe --ipc --defer-dag-verification --dagfile="Library/Bee/1900b0aE.dag" --continue-on-failure --profile="Library/Bee/backend1.traceevents" ScriptAssemblies
WorkingDir: C:/Users/Keven/My project
info: Microsoft.AspNetCore.Hosting.Diagnostics[1]
      Request starting HTTP/2 POST http://ilpp/UnityILPP.PostProcessing/ConfigurePostProcessors - application/grpc -
info: Microsoft.AspNetCore.Routing.EndpointMiddleware[0]
      Executing endpoint 'gRPC - /UnityILPP.PostProcessing/ConfigurePostProcessors'
info: Unity.ILPP.Runner.PostProcessingAssemblyLoadContext[0]
      Current configuration matches the requested one, skipping
info: Microsoft.AspNetCore.Routing.EndpointMiddleware[1]
      Executed endpoint 'gRPC - /UnityILPP.PostProcessing/ConfigurePostProcessors'
info: Microsoft.AspNetCore.Hosting.Diagnostics[2]
      Request finished HTTP/2 POST http://ilpp/UnityILPP.PostProcessing/ConfigurePostProcessors - 200 - application/grpc 1.4730ms
info: Microsoft.AspNetCore.Hosting.Diagnostics[1]
      Request starting HTTP/2 POST http://ilpp/UnityILPP.PostProcessing/PostProcessAssembly - application/grpc -
info: Microsoft.AspNetCore.Routing.EndpointMiddleware[0]
      Executing endpoint 'gRPC - /UnityILPP.PostProcessing/PostProcessAssembly'
info: Unity.ILPP.Runner.PostProcessingPipeline[0]
      Processing assembly Library/Bee/artifacts/1900b0aE.dag/Assembly-CSharp.dll, with 145 defines and 370 references
info: Unity.ILPP.Runner.PostProcessingPipeline[0]
      processors: Unity.Jobs.CodeGen.JobsILPostProcessor, Unity.Pipeline.CodeGen.HotReloadInPlaceILPostProcessor, zzzUnity.Burst.CodeGen.BurstILPostProcessor
info: Unity.ILPP.Runner.PostProcessingPipeline[0]
      running Unity.Jobs.CodeGen.JobsILPostProcessor
info: Unity.ILPP.Runner.PostProcessingPipeline[0]
      running Unity.Pipeline.CodeGen.HotReloadInPlaceILPostProcessor
info: Unity.ILPP.Runner.PostProcessingPipeline[0]
      running zzzUnity.Burst.CodeGen.BurstILPostProcessor
info: Microsoft.AspNetCore.Routing.EndpointMiddleware[1]
      Executed endpoint 'gRPC - /UnityILPP.PostProcessing/PostProcessAssembly'
info: Microsoft.AspNetCore.Hosting.Diagnostics[2]
      Request finished HTTP/2 POST http://ilpp/UnityILPP.PostProcessing/PostProcessAssembly - 200 - application/grpc 42.9989ms
ExitCode: 0 Duration: 1s493ms
[1209/1583  0s] ILPP-Configuration Library/ilpp-configuration.nevergeneratedoutput
[1579/1583  0s] Csc Library/Bee/artifacts/1900b0aE.dag/Assembly-CSharp.dll (+2 others)
[1580/1583  0s] ILPostProcess Library/Bee/artifacts/1900b0aE.dag/post-processed/Assembly-CSharp.dll (+pdb)
Processing assembly Library/Bee/artifacts/1900b0aE.dag/Assembly-CSharp.dll, with 145 defines and 370 references

processors: Unity.Jobs.CodeGen.JobsILPostProcessor, Unity.Pipeline.CodeGen.HotReloadInPlaceILPostProcessor, zzzUnity.Burst.CodeGen.BurstILPostProcessor

running Unity.Jobs.CodeGen.JobsILPostProcessor

running Unity.Pipeline.CodeGen.HotReloadInPlaceILPostProcessor

running zzzUnity.Burst.CodeGen.BurstILPostProcessor
[1581/1583  0s] CopyFiles Library/ScriptAssemblies/Assembly-CSharp.dll
[1582/1583  0s] CopyFiles Library/ScriptAssemblies/Assembly-CSharp.pdb
*** Tundra build success (1.34 seconds), 5 items updated, 1583 evaluated
Reloading assemblies after forced synchronous recompile.
Begin MonoManager ReloadAssembly
Total cache size 267490908
Total cache size after purge 267490908, took 00:00:01.5703342
Symbol file LoadedFromMemory is not a mono symbol file
Symbol file LoadedFromMemory is not a mono symbol file
Refreshing native plugins compatible for Editor in 12.48 ms, found 5 plugins.
Native extension for WindowsStandalone target not found
Native extension for WebGL target not found
[MODES] ModeService[none].Initialize
[MODES] ModeService[none].LoadModes
Refreshing native plugins compatible for Editor in 4.55 ms, found 5 plugins.
Start HTTP server: port:7801
Editor is not in automated mode. Modal Pop up might break continuous command workflow. Start the editor with -automated
UnityEngine.Debug:ExtractStackTraceNoAlloc (byte*,int,string)
UnityEngine.StackTraceUtility:ExtractStackTrace ()
UnityEngine.DebugLogHandler:Internal_Log (UnityEngine.LogType,UnityEngine.LogOption,string,UnityEngine.Object)
UnityEngine.DebugLogHandler:LogFormat (UnityEngine.LogType,UnityEngine.Object,string,object[])
UnityEngine.Logger:Log (UnityEngine.LogType,object)
UnityEngine.Debug:LogWarning (object)
Unity.Pipeline.Editor.EditorPipelineServer:ServerStarted () (at ./Library/PackageCache/com.unity.pipeline@24975d51528a/Editor/EditorPipelineServer.cs:88)
Unity.Pipeline.BasePipelineServer:Start (int) (at ./Library/PackageCache/com.unity.pipeline@24975d51528a/Runtime/Common/BasePipelineServer.cs:237)
Unity.Pipeline.Editor.PipelineServerStartup:StartServer () (at ./Library/PackageCache/com.unity.pipeline@24975d51528a/Editor/EditorPipelineStartup.cs:164)
Unity.Pipeline.Editor.PipelineServerStartup:.cctor () (at ./Library/PackageCache/com.unity.pipeline@24975d51528a/Editor/EditorPipelineStartup.cs:44)
System.Runtime.CompilerServices.RuntimeHelpers:RunClassConstructor (System.RuntimeTypeHandle)
UnityEditor.EditorAssemblies:ProcessInitializeOnLoadAttributes (System.ReadOnlySpan`1<intptr>)

(Filename: ./Library/PackageCache/com.unity.pipeline@24975d51528a/Editor/EditorPipelineServer.cs Line: 88)

[Licensing::Client] Error: Code 404 while processing request (status: Found 0 entitlement groups and 0 free entitlements matching requested entitlement ids)
ScheduleIndexationOnStartup MainProcess:True IndexOnStartup:True
Mono: successfully reloaded assembly
- Finished resetting the current domain, in  3.979 seconds
Domain Reload Profiling: 7103ms
	BeginReloadAssembly (1979ms)
		DisableScriptedObjects (210ms)
		CreateAndSetChildDomain (934ms)
	RebuildCommonClasses (15ms)
	RebuildNativeTypeToScriptingClass (21ms)
	initialDomainReloadingComplete (155ms)
	LoadAllAssembliesAndSetupDomain (954ms)
		LoadAssemblies (350ms)
		AnalyzeDomain (566ms)
			TypeCache.Refresh (36ms)
			BuildScriptInfoCaches (516ms)
			ResolveRequiredComponents (11ms)
	FinalizeReload (3980ms)
		SetupLoadedEditorAssemblies (0ms)
			InitializePlatformSupportModulesInManaged (3ms)
			BeforeProcessingInitializeOnLoad (340ms)
			ProcessInitializeOnLoadAttributes (1137ms)
			ProcessInitializeOnLoadMethodAttributes (574ms)
			AfterProcessingInitializeOnLoad (14ms)
		AwakeInstancesAfterBackupRestoration (1009ms)
Refreshing native plugins compatible for Editor in 6.93 ms, found 5 plugins.

Asset Pipeline Refresh (id=b3b7d9d93f3f4c0479ba0417ffcb0e6d): Total: 11.188 seconds - Initiated by RefreshV2(AllowForceSynchronousImport)
	(Values over 0.05ms)
	Summary:
		Imports: total=0 (actual=0, local cache=0, cache server=0)
		Asset DB Process Time: managed=0 ms, native=4381 ms
		Asset DB Callback time: managed=364 ms, native=19 ms
		Scripting: domain reloads=1, domain reload time=3479 ms, compile time=2943 ms, other=0 ms
		Project Asset Count: scripts=2203, non-scripts=5375
		Asset File Changes: new=0, changed=1, moved=0, deleted=0
		Scan Filter Count: 0
	InvokePackagesCallback: 5.574ms
	ApplyChangesToAssetFolders: 0.701ms
	Scan: 63.669ms
	Collect global state as custom dependencies: 8.631ms
	OnSourceAssetsModified: 3.526ms
	CategorizeScriptCompilationAssets: 0.062ms
	ProcessAssetsWithTransientArtifactChanges: 15.917ms
	CategorizeAssets: 118.245ms
	CompileScripts: 2943.236ms
	ImportOutOfDateAssets: 4101.926ms (4025.185ms without children)
		CollectScriptTypesHashes: 1.906ms
		ReloadNativeAssets: 1.737ms
		UnloadImportedAssets: 0.226ms
		EnsureUptoDateAssetsAreRegisteredWithGuidPM: 1.790ms
		ImportSchedulerStart: 72.916ms
	PostProcessAllAssets: 368.851ms
		XRBuildSystem.XRAssetImported 1.715ms
		PostProcessCallbackCreateDeferredMaterials 0.935ms
		ShaderAssetModifiedCallback 0.307ms
		MonoPostProcessAllAssets: 362.723ms
			AssetReferenceReimportMonitor.OnPostprocessAllAssets 37.037ms
			SyncVS.PostprocessSyncProject 13.282ms
			UniversalRenderPipelineGlobalSettingsPostprocessor.OnPostprocessAllAssets 12.568ms
			BuilderAssetPostprocessor.OnPostprocessAllAssets 7.339ms
			AssetChangedListener.OnPostprocessAllAssets 6.865ms
			AssetPostprocessor.OnPostprocessAllAssets 6.306ms
			GraphRefreshPostprocessor.OnPostprocessAllAssets 4.323ms
			SpriteSlicePostprocessor.OnPostprocessAllAssets 3.333ms
			SpeedTree9Postprocessor.OnPostprocessAllAssets 2.404ms
			WindowAssetPostprocessingWatcher.OnPostprocessAllAssets 2.227ms
			ShaderGraphAssetPostProcessor.OnPostprocessAllAssets 1.942ms
			RetainedModeAssetPostprocessor.OnPostprocessAllAssets 1.518ms
			AssetChangeDetector.OnPostprocessAllAssets 1.276ms
			EditModeScopePostprocessor.OnPostprocessAllAssets 1.252ms
			MaterialPostprocessor.OnPostprocessAllAssets 1.040ms
			TMPro_TexturePostProcessor.OnPostprocessAllAssets 0.972ms
			RenderPipelineGlobalSettingsPostprocessor.OnPostprocessAllAssets 0.907ms
			SkillsProjectAssetPostprocessor.OnPostprocessAllAssets 0.861ms
			SpriteEditorTexturePostprocessor.OnPostprocessAllAssets 0.837ms
			ArtifactBrowserPostProcessor.OnPostprocessAllAssets 0.693ms
			ModelAssetProcessor.OnPostprocessAllAssets 0.662ms
			InputActionAssetPostprocessor.OnPostprocessAllAssets 0.650ms
			PostProcessor.OnPostprocessAllAssets 0.504ms
			ShaderReflectionAssetPostProcessor.OnPostprocessAllAssets 0.504ms
			AudioMixerPostprocessor.OnPostprocessAllAssets 0.471ms
			TextAssetPostProcessor.OnPostprocessAllAssets 0.420ms
			UVCSAssetPostprocessor.OnPostprocessAllAssets 0.415ms
			SampleDependencyImporterPostProcessor.OnPostprocessAllAssets 0.401ms
			InputActionJsonNameModifierAssetProcessor.OnPostprocessAllAssets 0.385ms
			ReferencedClipsPostProcessor.OnPostprocessAllAssets 0.336ms
			AssetEvents.OnPostprocessAllAssets 0.320ms
			StyleCatalogPostProcessor.OnPostprocessAllAssets 0.301ms
			ProjectSettingsPostprocessor.OnPostprocessAllAssets 0.297ms
			AssetDatabaseCallbacks.OnPostprocessAllAssets 0.255ms
			SpeedTreePostProcessor.OnPostprocessAllAssets 0.202ms
			ConfigAssetsTracker.OnPostprocessAllAssets 0.201ms
			TerrainToolbarOverlayPostProcessor.OnPostprocessAllAssets 0.191ms
			TrackSelectedAssetsProcessor.OnPostprocessAllAssets 0.186ms
			SamplePostprocessor.OnPostprocessAllAssets 0.179ms
			AssetReloadNotifier.OnPostprocessAllAssets 0.153ms
			ScenarioDriftAssetsTracker.OnPostprocessAllAssets 0.150ms
			AudioContainerPostProcessor.OnPostprocessAllAssets 0.095ms
	PostAssetChangesProfiler: 9.990ms
	GatherAllCurrentPrimaryImportResultRevisions: 0.400ms
	UnloadStreamsBegin: 2.595ms
	PersistCurrentRevisions: 0.283ms
	GenerateScriptTypeHashes: 4.414ms
	GenerateScriptTypeSerializationHashes: 7.386ms
	Untracked: 3537.361ms

[Licensing::Client] Error: Code 404 while processing request (status: Found 0 entitlement groups and 0 free entitlements matching requested entitlement ids)
[Licensing::Client] Error: Code 404 while processing request (status: Found 0 entitlement groups and 0 free entitlements matching requested entitlement ids)
[Licensing::Client] Successfully resolved entitlement details
[Licensing::Client] Successfully resolved entitlement details
[INFO ] [relay] log Unity client connected with ID: editor-8896-0gaojz (relay 1.0.12-build.97)
[INFO ] [relay] connection.established clientId=editor-8896-0gaojz port=9001
[Licensing::Client] Successfully resolved entitlement details
[Licensing::Client] Successfully resolved entitlement details
[Licensing::Client] Error: Code 404 while processing request (status: Found 0 entitlement groups and 0 free entitlements matching requested entitlement ids)
[Licensing::Client] Error: Code 404 while processing request (status: Found 0 entitlement groups and 0 free entitlements matching requested entitlement ids)
[Licensing::Client] Error: Code 404 while processing request (status: Found 0 entitlement groups and 0 free entitlements matching requested entitlement ids)
[Licensing::Client] Error: Code 404 while processing request (status: Found 0 entitlement groups and 0 free entitlements matching requested entitlement ids)
[Licensing::Client] Error: Code 404 while processing request (status: Found 0 entitlement groups and 0 free entitlements matching requested entitlement ids)
[Licensing::Client] Error: Code 404 while processing request (status: Found 0 entitlement groups and 0 free entitlements matching requested entitlement ids)
UPID Received 'f2c00382-0b97-489b-8784-dfb113b40c20'.
[Licensing::Client] Error: Code 404 while processing request (status: Found 0 entitlement groups and 0 free entitlements matching requested entitlement ids)
Reloading assemblies for play mode.
Reloading assemblies after forced synchronous recompile.
Begin MonoManager ReloadAssembly
[INFO ] [relay] log Domain reload signal received from client editor-8896-0gaojz
[INFO ] [relay] log Client disconnected - blocking and caching for recovery
[WARN ] [relay] connection.lost clientId=null
[WARN ] [relay] log Client disconnected - sessions will persist until auto-shutdown, reason: Client disconnected
[INFO ] [relay] log Auto-shutdown timer started due to client disconnection
Symbol file LoadedFromMemory is not a mono symbol file
Symbol file LoadedFromMemory is not a mono symbol file
Refreshing native plugins compatible for Editor in 9.85 ms, found 5 plugins.
Native extension for WindowsStandalone target not found
Native extension for WebGL target not found
Start HTTP server: port:7801
Editor is not in automated mode. Modal Pop up might break continuous command workflow. Start the editor with -automated
UnityEngine.Debug:ExtractStackTraceNoAlloc (byte*,int,string)
UnityEngine.StackTraceUtility:ExtractStackTrace ()
UnityEngine.DebugLogHandler:Internal_Log (UnityEngine.LogType,UnityEngine.LogOption,string,UnityEngine.Object)
UnityEngine.DebugLogHandler:LogFormat (UnityEngine.LogType,UnityEngine.Object,string,object[])
UnityEngine.Logger:Log (UnityEngine.LogType,object)
UnityEngine.Debug:LogWarning (object)
Unity.Pipeline.Editor.EditorPipelineServer:ServerStarted () (at ./Library/PackageCache/com.unity.pipeline@24975d51528a/Editor/EditorPipelineServer.cs:88)
Unity.Pipeline.BasePipelineServer:Start (int) (at ./Library/PackageCache/com.unity.pipeline@24975d51528a/Runtime/Common/BasePipelineServer.cs:237)
Unity.Pipeline.Editor.PipelineServerStartup:StartServer () (at ./Library/PackageCache/com.unity.pipeline@24975d51528a/Editor/EditorPipelineStartup.cs:164)
Unity.Pipeline.Editor.PipelineServerStartup:.cctor () (at ./Library/PackageCache/com.unity.pipeline@24975d51528a/Editor/EditorPipelineStartup.cs:44)
System.Runtime.CompilerServices.RuntimeHelpers:RunClassConstructor (System.RuntimeTypeHandle)
UnityEditor.EditorAssemblies:ProcessInitializeOnLoadAttributes (System.ReadOnlySpan`1<intptr>)

(Filename: ./Library/PackageCache/com.unity.pipeline@24975d51528a/Editor/EditorPipelineServer.cs Line: 88)

[Licensing::Client] Error: Code 404 while processing request (status: Found 0 entitlement groups and 0 free entitlements matching requested entitlement ids)
ScheduleIndexationOnStartup MainProcess:True IndexOnStartup:True
[MODES] ModeService[none].Initialize
[MODES] ModeService[none].LoadModes
Mono: successfully reloaded assembly
- Finished resetting the current domain, in  5.141 seconds
Domain Reload Profiling: 7615ms
	BeginReloadAssembly (1737ms)
		DisableScriptedObjects (218ms)
		CreateAndSetChildDomain (1100ms)
	RebuildCommonClasses (24ms)
	RebuildNativeTypeToScriptingClass (33ms)
	initialDomainReloadingComplete (166ms)
	LoadAllAssembliesAndSetupDomain (513ms)
		LoadAssemblies (421ms)
		AnalyzeDomain (39ms)
			TypeCache.Refresh (16ms)
			ResolveRequiredComponents (15ms)
	FinalizeReload (5142ms)
		SetupLoadedEditorAssemblies (0ms)
			InitializePlatformSupportModulesInManaged (4ms)
			BeforeProcessingInitializeOnLoad (189ms)
			ProcessInitializeOnLoadAttributes (1645ms)
			ProcessInitializeOnLoadMethodAttributes (593ms)
			AfterProcessingInitializeOnLoad (14ms)
		AwakeInstancesAfterBackupRestoration (1003ms)

Asset Pipeline Refresh (id=5e3c453165a6b644eb7e6704187886f5): Total: 8.202 seconds - Initiated by StopAssetImportingV2(ForceSynchronousImport | ForceDomainReload)
	(Values over 0.05ms)
	Summary:
		Imports: total=0 (actual=0, local cache=0, cache server=0)
		Asset DB Process Time: managed=0 ms, native=5526 ms
		Asset DB Callback time: managed=62 ms, native=0 ms
		Scripting: domain reloads=1, domain reload time=2610 ms, compile time=3 ms, other=0 ms
		Project Asset Count: scripts=2203, non-scripts=5375
		Asset File Changes: new=0, changed=0, moved=0, deleted=0
		Scan Filter Count: 0
	InvokePackagesCallback: 4.354ms
	ApplyChangesToAssetFolders: 0.565ms
	Collect global state as custom dependencies: 4.266ms
	ProcessAssetsWithTransientArtifactChanges: 0.355ms
	CategorizeAssets: 132.647ms
	CompileScripts: 2.508ms
	ImportOutOfDateAssets: 5290.906ms (5177.678ms without children)
		CollectScriptTypesHashes: 1.173ms
		ReloadNativeAssets: 1.782ms
		UnloadImportedAssets: 0.297ms
		EnsureUptoDateAssetsAreRegisteredWithGuidPM: 2.315ms
		ImportSchedulerStart: 108.762ms
	PostProcessAllAssets: 62.634ms
		MonoPostProcessAllAssets: 62.626ms
			AssetReferenceReimportMonitor.OnPostprocessAllAssets 37.037ms
			UniversalRenderPipelineGlobalSettingsPostprocessor.OnPostprocessAllAssets 17.886ms
			SyncVS.PostprocessSyncProject 13.087ms
			BuilderAssetPostprocessor.OnPostprocessAllAssets 7.339ms
			AssetChangedListener.OnPostprocessAllAssets 6.865ms
			AssetPostprocessor.OnPostprocessAllAssets 6.306ms
			GraphRefreshPostprocessor.OnPostprocessAllAssets 3.874ms
			SpriteSlicePostprocessor.OnPostprocessAllAssets 3.333ms
			WindowAssetPostprocessingWatcher.OnPostprocessAllAssets 3.288ms
			SpeedTree9Postprocessor.OnPostprocessAllAssets 2.682ms
			ShaderGraphAssetPostProcessor.OnPostprocessAllAssets 1.942ms
			AssetChangeDetector.OnPostprocessAllAssets 1.880ms
			RenderPipelineGlobalSettingsPostprocessor.OnPostprocessAllAssets 1.709ms
			RetainedModeAssetPostprocessor.OnPostprocessAllAssets 1.518ms
			MaterialPostprocessor.OnPostprocessAllAssets 1.040ms
			TMPro_TexturePostProcessor.OnPostprocessAllAssets 0.972ms
			SkillsProjectAssetPostprocessor.OnPostprocessAllAssets 0.861ms
			SpriteEditorTexturePostprocessor.OnPostprocessAllAssets 0.837ms
			ArtifactBrowserPostProcessor.OnPostprocessAllAssets 0.693ms
			ModelAssetProcessor.OnPostprocessAllAssets 0.662ms
			ShaderReflectionAssetPostProcessor.OnPostprocessAllAssets 0.559ms
			PostProcessor.OnPostprocessAllAssets 0.504ms
			AudioMixerPostprocessor.OnPostprocessAllAssets 0.471ms
			ReferencedClipsPostProcessor.OnPostprocessAllAssets 0.464ms
			InputActionAssetPostprocessor.OnPostprocessAllAssets 0.427ms
			TextAssetPostProcessor.OnPostprocessAllAssets 0.420ms
			UVCSAssetPostprocessor.OnPostprocessAllAssets 0.415ms
			SampleDependencyImporterPostProcessor.OnPostprocessAllAssets 0.401ms
			InputActionJsonNameModifierAssetProcessor.OnPostprocessAllAssets 0.385ms
			EditModeScopePostprocessor.OnPostprocessAllAssets 0.384ms
			AssetEvents.OnPostprocessAllAssets 0.320ms
			StyleCatalogPostProcessor.OnPostprocessAllAssets 0.301ms
			ProjectSettingsPostprocessor.OnPostprocessAllAssets 0.292ms
			AssetDatabaseCallbacks.OnPostprocessAllAssets 0.290ms
			TerrainToolbarOverlayPostProcessor.OnPostprocessAllAssets 0.204ms
			SpeedTreePostProcessor.OnPostprocessAllAssets 0.202ms
			ConfigAssetsTracker.OnPostprocessAllAssets 0.201ms
			TrackSelectedAssetsProcessor.OnPostprocessAllAssets 0.186ms
			SamplePostprocessor.OnPostprocessAllAssets 0.179ms
			AssetReloadNotifier.OnPostprocessAllAssets 0.153ms
			ScenarioDriftAssetsTracker.OnPostprocessAllAssets 0.150ms
			AudioContainerPostProcessor.OnPostprocessAllAssets 0.095ms
	GatherAllCurrentPrimaryImportResultRevisions: 0.358ms
	PersistCurrentRevisions: 0.328ms
	GenerateScriptTypeHashes: 4.948ms
	GenerateScriptTypeSerializationHashes: 8.305ms
	Untracked: 2692.799ms

Loaded scene 'Temp/__Backupscenes/0.backup'
	Deserialize:            3.825 ms
	Integration:            1811.232 ms
	Integration of assets:  0.010 ms
	Thread Wait Time:       0.001 ms
	Total Operation Time:   1815.069 ms
[Licensing::Client] Error: Code 404 while processing request (status: Found 0 entitlement groups and 0 free entitlements matching requested entitlement ids)
[Licensing::Client] Successfully resolved entitlement details
[INFO ] [relay] log Unity client connected with ID: editor-8896-u7922u (relay 1.0.12-build.97)
[INFO ] [relay] connection.established clientId=editor-8896-u7922u port=9001
[Licensing::Client] Successfully resolved entitlement details
[Licensing::Client] Successfully resolved entitlement details
[Licensing::Client] Successfully resolved entitlement details
[Licensing::Client] Successfully resolved entitlement details
Chave door01 coletada!
UnityEngine.Debug:ExtractStackTraceNoAlloc (byte*,int,string)
UnityEngine.StackTraceUtility:ExtractStackTrace ()
UnityEngine.DebugLogHandler:Internal_Log (UnityEngine.LogType,UnityEngine.LogOption,string,UnityEngine.Object)
UnityEngine.DebugLogHandler:LogFormat (UnityEngine.LogType,UnityEngine.Object,string,object[])
UnityEngine.Logger:Log (UnityEngine.LogType,object)
UnityEngine.Debug:Log (object)
Key:Interact (UnityEngine.GameObject) (at Assets/Scripts/Key.cs:13)
PlayerInteraction:TryInteract () (at Assets/Scripts/PlayerInteraction.cs:78)
PlayerInteraction:Update () (at Assets/Scripts/PlayerInteraction.cs:40)

(Filename: Assets/Scripts/Key.cs Line: 13)

Interagiu com: Key (Key)
UnityEngine.Debug:ExtractStackTraceNoAlloc (byte*,int,string)
UnityEngine.StackTraceUtility:ExtractStackTrace ()
UnityEngine.DebugLogHandler:Internal_Log (UnityEngine.LogType,UnityEngine.LogOption,string,UnityEngine.Object)
UnityEngine.DebugLogHandler:LogFormat (UnityEngine.LogType,UnityEngine.Object,string,object[])
UnityEngine.Logger:Log (UnityEngine.LogType,object)
UnityEngine.Debug:Log (object)
PlayerInteraction:TryInteract () (at Assets/Scripts/PlayerInteraction.cs:79)
PlayerInteraction:Update () (at Assets/Scripts/PlayerInteraction.cs:40)

(Filename: Assets/Scripts/PlayerInteraction.cs Line: 79)

Porta interagida!
UnityEngine.Debug:ExtractStackTraceNoAlloc (byte*,int,string)
UnityEngine.StackTraceUtility:ExtractStackTrace ()
UnityEngine.DebugLogHandler:Internal_Log (UnityEngine.LogType,UnityEngine.LogOption,string,UnityEngine.Object)
UnityEngine.DebugLogHandler:LogFormat (UnityEngine.LogType,UnityEngine.Object,string,object[])
UnityEngine.Logger:Log (UnityEngine.LogType,object)
UnityEngine.Debug:Log (object)
Door:Interact (UnityEngine.GameObject) (at Assets/Scripts/Door.cs:25)
PlayerInteraction:TryInteract () (at Assets/Scripts/PlayerInteraction.cs:78)
PlayerInteraction:Update () (at Assets/Scripts/PlayerInteraction.cs:40)

(Filename: Assets/Scripts/Door.cs Line: 25)

Porta destrancada!
UnityEngine.Debug:ExtractStackTraceNoAlloc (byte*,int,string)
UnityEngine.StackTraceUtility:ExtractStackTrace ()
UnityEngine.DebugLogHandler:Internal_Log (UnityEngine.LogType,UnityEngine.LogOption,string,UnityEngine.Object)
UnityEngine.DebugLogHandler:LogFormat (UnityEngine.LogType,UnityEngine.Object,string,object[])
UnityEngine.Logger:Log (UnityEngine.LogType,object)
UnityEngine.Debug:Log (object)
Door:Unlock () (at Assets/Scripts/Door.cs:19)
Door:Interact (UnityEngine.GameObject) (at Assets/Scripts/Door.cs:35)
PlayerInteraction:TryInteract () (at Assets/Scripts/PlayerInteraction.cs:78)
PlayerInteraction:Update () (at Assets/Scripts/PlayerInteraction.cs:40)

(Filename: Assets/Scripts/Door.cs Line: 19)

A porta está trancada! Você precisa de uma chave para abri-la.
UnityEngine.Debug:ExtractStackTraceNoAlloc (byte*,int,string)
UnityEngine.StackTraceUtility:ExtractStackTrace ()
UnityEngine.DebugLogHandler:Internal_Log (UnityEngine.LogType,UnityEngine.LogOption,string,UnityEngine.Object)
UnityEngine.DebugLogHandler:LogFormat (UnityEngine.LogType,UnityEngine.Object,string,object[])
UnityEngine.Logger:Log (UnityEngine.LogType,object)
UnityEngine.Debug:Log (object)
Door:Interact (UnityEngine.GameObject) (at Assets/Scripts/Door.cs:38)
PlayerInteraction:TryInteract () (at Assets/Scripts/PlayerInteraction.cs:78)
PlayerInteraction:Update () (at Assets/Scripts/PlayerInteraction.cs:40)

(Filename: Assets/Scripts/Door.cs Line: 38)

Interagiu com: DoorRoot (Door)
UnityEngine.Debug:ExtractStackTraceNoAlloc (byte*,int,string)
UnityEngine.StackTraceUtility:ExtractStackTrace ()
UnityEngine.DebugLogHandler:Internal_Log (UnityEngine.LogType,UnityEngine.LogOption,string,UnityEngine.Object)
UnityEngine.DebugLogHandler:LogFormat (UnityEngine.LogType,UnityEngine.Object,string,object[])
UnityEngine.Logger:Log (UnityEngine.LogType,object)
UnityEngine.Debug:Log (object)
PlayerInteraction:TryInteract () (at Assets/Scripts/PlayerInteraction.cs:79)
PlayerInteraction:Update () (at Assets/Scripts/PlayerInteraction.cs:40)

(Filename: Assets/Scripts/PlayerInteraction.cs Line: 79)

Porta interagida!
UnityEngine.Debug:ExtractStackTraceNoAlloc (byte*,int,string)
UnityEngine.StackTraceUtility:ExtractStackTrace ()
UnityEngine.DebugLogHandler:Internal_Log (UnityEngine.LogType,UnityEngine.LogOption,string,UnityEngine.Object)
UnityEngine.DebugLogHandler:LogFormat (UnityEngine.LogType,UnityEngine.Object,string,object[])
UnityEngine.Logger:Log (UnityEngine.LogType,object)
UnityEngine.Debug:Log (object)
Door:Interact (UnityEngine.GameObject) (at Assets/Scripts/Door.cs:25)
PlayerInteraction:TryInteract () (at Assets/Scripts/PlayerInteraction.cs:78)
PlayerInteraction:Update () (at Assets/Scripts/PlayerInteraction.cs:40)

(Filename: Assets/Scripts/Door.cs Line: 25)

Interagiu com: DoorRoot (Door)
UnityEngine.Debug:ExtractStackTraceNoAlloc (byte*,int,string)
UnityEngine.StackTraceUtility:ExtractStackTrace ()
UnityEngine.DebugLogHandler:Internal_Log (UnityEngine.LogType,UnityEngine.LogOption,string,UnityEngine.Object)
UnityEngine.DebugLogHandler:LogFormat (UnityEngine.LogType,UnityEngine.Object,string,object[])
UnityEngine.Logger:Log (UnityEngine.LogType,object)
UnityEngine.Debug:Log (object)
PlayerInteraction:TryInteract () (at Assets/Scripts/PlayerInteraction.cs:79)
PlayerInteraction:Update () (at Assets/Scripts/PlayerInteraction.cs:40)

(Filename: Assets/Scripts/PlayerInteraction.cs Line: 79)

Porta interagida!
UnityEngine.Debug:ExtractStackTraceNoAlloc (byte*,int,string)
UnityEngine.StackTraceUtility:ExtractStackTrace ()
UnityEngine.DebugLogHandler:Internal_Log (UnityEngine.LogType,UnityEngine.LogOption,string,UnityEngine.Object)
UnityEngine.DebugLogHandler:LogFormat (UnityEngine.LogType,UnityEngine.Object,string,object[])
UnityEngine.Logger:Log (UnityEngine.LogType,object)
UnityEngine.Debug:Log (object)
Door:Interact (UnityEngine.GameObject) (at Assets/Scripts/Door.cs:25)
PlayerInteraction:TryInteract () (at Assets/Scripts/PlayerInteraction.cs:78)
PlayerInteraction:Update () (at Assets/Scripts/PlayerInteraction.cs:40)

(Filename: Assets/Scripts/Door.cs Line: 25)

Interagiu com: DoorRoot (Door)
UnityEngine.Debug:ExtractStackTraceNoAlloc (byte*,int,string)
UnityEngine.StackTraceUtility:ExtractStackTrace ()
UnityEngine.DebugLogHandler:Internal_Log (UnityEngine.LogType,UnityEngine.LogOption,string,UnityEngine.Object)
UnityEngine.DebugLogHandler:LogFormat (UnityEngine.LogType,UnityEngine.Object,string,object[])
UnityEngine.Logger:Log (UnityEngine.LogType,object)
UnityEngine.Debug:Log (object)
PlayerInteraction:TryInteract () (at Assets/Scripts/PlayerInteraction.cs:79)
PlayerInteraction:Update () (at Assets/Scripts/PlayerInteraction.cs:40)

(Filename: Assets/Scripts/PlayerInteraction.cs Line: 79)

Porta interagida!
UnityEngine.Debug:ExtractStackTraceNoAlloc (byte*,int,string)
UnityEngine.StackTraceUtility:ExtractStackTrace ()
UnityEngine.DebugLogHandler:Internal_Log (UnityEngine.LogType,UnityEngine.LogOption,string,UnityEngine.Object)
UnityEngine.DebugLogHandler:LogFormat (UnityEngine.LogType,UnityEngine.Object,string,object[])
UnityEngine.Logger:Log (UnityEngine.LogType,object)
UnityEngine.Debug:Log (object)
Door:Interact (UnityEngine.GameObject) (at Assets/Scripts/Door.cs:25)
PlayerInteraction:TryInteract () (at Assets/Scripts/PlayerInteraction.cs:78)
PlayerInteraction:Update () (at Assets/Scripts/PlayerInteraction.cs:40)

(Filename: Assets/Scripts/Door.cs Line: 25)

Interagiu com: DoorRoot (Door)
UnityEngine.Debug:ExtractStackTraceNoAlloc (byte*,int,string)
UnityEngine.StackTraceUtility:ExtractStackTrace ()
UnityEngine.DebugLogHandler:Internal_Log (UnityEngine.LogType,UnityEngine.LogOption,string,UnityEngine.Object)
UnityEngine.DebugLogHandler:LogFormat (UnityEngine.LogType,UnityEngine.Object,string,object[])
UnityEngine.Logger:Log (UnityEngine.LogType,object)
UnityEngine.Debug:Log (object)
PlayerInteraction:TryInteract () (at Assets/Scripts/PlayerInteraction.cs:79)
PlayerInteraction:Update () (at Assets/Scripts/PlayerInteraction.cs:40)

(Filename: Assets/Scripts/PlayerInteraction.cs Line: 79)

Porta interagida!
UnityEngine.Debug:ExtractStackTraceNoAlloc (byte*,int,string)
UnityEngine.StackTraceUtility:ExtractStackTrace ()
UnityEngine.DebugLogHandler:Internal_Log (UnityEngine.LogType,UnityEngine.LogOption,string,UnityEngine.Object)
UnityEngine.DebugLogHandler:LogFormat (UnityEngine.LogType,UnityEngine.Object,string,object[])
UnityEngine.Logger:Log (UnityEngine.LogType,object)
UnityEngine.Debug:Log (object)
Door:Interact (UnityEngine.GameObject) (at Assets/Scripts/Door.cs:25)
PlayerInteraction:TryInteract () (at Assets/Scripts/PlayerInteraction.cs:78)
PlayerInteraction:Update () (at Assets/Scripts/PlayerInteraction.cs:40)

(Filename: Assets/Scripts/Door.cs Line: 25)

Interagiu com: DoorRoot (Door)
UnityEngine.Debug:ExtractStackTraceNoAlloc (byte*,int,string)
UnityEngine.StackTraceUtility:ExtractStackTrace ()
UnityEngine.DebugLogHandler:Internal_Log (UnityEngine.LogType,UnityEngine.LogOption,string,UnityEngine.Object)
UnityEngine.DebugLogHandler:LogFormat (UnityEngine.LogType,UnityEngine.Object,string,object[])
UnityEngine.Logger:Log (UnityEngine.LogType,object)
UnityEngine.Debug:Log (object)
PlayerInteraction:TryInteract () (at Assets/Scripts/PlayerInteraction.cs:79)
PlayerInteraction:Update () (at Assets/Scripts/PlayerInteraction.cs:40)

(Filename: Assets/Scripts/PlayerInteraction.cs Line: 79)

Porta interagida!
UnityEngine.Debug:ExtractStackTraceNoAlloc (byte*,int,string)
UnityEngine.StackTraceUtility:ExtractStackTrace ()
UnityEngine.DebugLogHandler:Internal_Log (UnityEngine.LogType,UnityEngine.LogOption,string,UnityEngine.Object)
UnityEngine.DebugLogHandler:LogFormat (UnityEngine.LogType,UnityEngine.Object,string,object[])
UnityEngine.Logger:Log (UnityEngine.LogType,object)
UnityEngine.Debug:Log (object)
Door:Interact (UnityEngine.GameObject) (at Assets/Scripts/Door.cs:25)
PlayerInteraction:TryInteract () (at Assets/Scripts/PlayerInteraction.cs:78)
PlayerInteraction:Update () (at Assets/Scripts/PlayerInteraction.cs:40)

(Filename: Assets/Scripts/Door.cs Line: 25)

Interagiu com: DoorRoot (Door)
UnityEngine.Debug:ExtractStackTraceNoAlloc (byte*,int,string)
UnityEngine.StackTraceUtility:ExtractStackTrace ()
UnityEngine.DebugLogHandler:Internal_Log (UnityEngine.LogType,UnityEngine.LogOption,string,UnityEngine.Object)
UnityEngine.DebugLogHandler:LogFormat (UnityEngine.LogType,UnityEngine.Object,string,object[])
UnityEngine.Logger:Log (UnityEngine.LogType,object)
UnityEngine.Debug:Log (object)
PlayerInteraction:TryInteract () (at Assets/Scripts/PlayerInteraction.cs:79)
PlayerInteraction:Update () (at Assets/Scripts/PlayerInteraction.cs:40)

(Filename: Assets/Scripts/PlayerInteraction.cs Line: 79)

Porta interagida!
UnityEngine.Debug:ExtractStackTraceNoAlloc (byte*,int,string)
UnityEngine.StackTraceUtility:ExtractStackTrace ()
UnityEngine.DebugLogHandler:Internal_Log (UnityEngine.LogType,UnityEngine.LogOption,string,UnityEngine.Object)
UnityEngine.DebugLogHandler:LogFormat (UnityEngine.LogType,UnityEngine.Object,string,object[])
UnityEngine.Logger:Log (UnityEngine.LogType,object)
UnityEngine.Debug:Log (object)
Door:Interact (UnityEngine.GameObject) (at Assets/Scripts/Door.cs:25)
PlayerInteraction:TryInteract () (at Assets/Scripts/PlayerInteraction.cs:78)
PlayerInteraction:Update () (at Assets/Scripts/PlayerInteraction.cs:40)

(Filename: Assets/Scripts/Door.cs Line: 25)

Interagiu com: DoorRoot (Door)
UnityEngine.Debug:ExtractStackTraceNoAlloc (byte*,int,string)
UnityEngine.StackTraceUtility:ExtractStackTrace ()
UnityEngine.DebugLogHandler:Internal_Log (UnityEngine.LogType,UnityEngine.LogOption,string,UnityEngine.Object)
UnityEngine.DebugLogHandler:LogFormat (UnityEngine.LogType,UnityEngine.Object,string,object[])
UnityEngine.Logger:Log (UnityEngine.LogType,object)
UnityEngine.Debug:Log (object)
PlayerInteraction:TryInteract () (at Assets/Scripts/PlayerInteraction.cs:79)
PlayerInteraction:Update () (at Assets/Scripts/PlayerInteraction.cs:40)

(Filename: Assets/Scripts/PlayerInteraction.cs Line: 79)

Porta interagida!
UnityEngine.Debug:ExtractStackTraceNoAlloc (byte*,int,string)
UnityEngine.StackTraceUtility:ExtractStackTrace ()
UnityEngine.DebugLogHandler:Internal_Log (UnityEngine.LogType,UnityEngine.LogOption,string,UnityEngine.Object)
UnityEngine.DebugLogHandler:LogFormat (UnityEngine.LogType,UnityEngine.Object,string,object[])
UnityEngine.Logger:Log (UnityEngine.LogType,object)
UnityEngine.Debug:Log (object)
Door:Interact (UnityEngine.GameObject) (at Assets/Scripts/Door.cs:25)
PlayerInteraction:TryInteract () (at Assets/Scripts/PlayerInteraction.cs:78)
PlayerInteraction:Update () (at Assets/Scripts/PlayerInteraction.cs:40)

(Filename: Assets/Scripts/Door.cs Line: 25)

Interagiu com: DoorRoot (Door)
UnityEngine.Debug:ExtractStackTraceNoAlloc (byte*,int,string)
UnityEngine.StackTraceUtility:ExtractStackTrace ()
UnityEngine.DebugLogHandler:Internal_Log (UnityEngine.LogType,UnityEngine.LogOption,string,UnityEngine.Object)
UnityEngine.DebugLogHandler:LogFormat (UnityEngine.LogType,UnityEngine.Object,string,object[])
UnityEngine.Logger:Log (UnityEngine.LogType,object)
UnityEngine.Debug:Log (object)
PlayerInteraction:TryInteract () (at Assets/Scripts/PlayerInteraction.cs:79)
PlayerInteraction:Update () (at Assets/Scripts/PlayerInteraction.cs:40)

(Filename: Assets/Scripts/PlayerInteraction.cs Line: 79)

Unloading 17 Unused Serialized files (Serialized files now loaded: 0)
Loaded scene 'Temp/__Backupscenes/0.backup'
	Deserialize:            3.787 ms
	Integration:            546.643 ms
	Integration of assets:  0.011 ms
	Thread Wait Time:       0.018 ms
	Total Operation Time:   550.459 ms
Unloading 74 unused Assets / (192.7 KB). Loaded Objects now: 12834.
Memory consumption went from 0.84 GB to 0.84 GB.
Total: 53.079200 ms (FindLiveObjects: 1.095800 ms CreateObjectMapping: 0.841000 ms MarkObjects: 50.940800 ms  DeleteObjects: 0.199500 ms)

[Licensing::Client] Successfully resolved entitlement details
Reloading assemblies for play mode.
Reloading assemblies after forced synchronous recompile.
Begin MonoManager ReloadAssembly
[INFO ] [relay] log Domain reload signal received from client editor-8896-u7922u
[INFO ] [relay] log Client disconnected - blocking and caching for recovery
[WARN ] [relay] connection.lost clientId=null
[WARN ] [relay] log Client disconnected - sessions will persist until auto-shutdown, reason: Client disconnected
[INFO ] [relay] log Auto-shutdown timer started due to client disconnection
Symbol file LoadedFromMemory is not a mono symbol file
Symbol file LoadedFromMemory is not a mono symbol file
Refreshing native plugins compatible for Editor in 18.13 ms, found 5 plugins.
Native extension for WindowsStandalone target not found
Native extension for WebGL target not found
Refreshing native plugins compatible for Editor in 5.25 ms, found 5 plugins.
Start HTTP server: port:7801
Editor is not in automated mode. Modal Pop up might break continuous command workflow. Start the editor with -automated
UnityEngine.Debug:ExtractStackTraceNoAlloc (byte*,int,string)
UnityEngine.StackTraceUtility:ExtractStackTrace ()
UnityEngine.DebugLogHandler:Internal_Log (UnityEngine.LogType,UnityEngine.LogOption,string,UnityEngine.Object)
UnityEngine.DebugLogHandler:LogFormat (UnityEngine.LogType,UnityEngine.Object,string,object[])
UnityEngine.Logger:Log (UnityEngine.LogType,object)
UnityEngine.Debug:LogWarning (object)
Unity.Pipeline.Editor.EditorPipelineServer:ServerStarted () (at ./Library/PackageCache/com.unity.pipeline@24975d51528a/Editor/EditorPipelineServer.cs:88)
Unity.Pipeline.BasePipelineServer:Start (int) (at ./Library/PackageCache/com.unity.pipeline@24975d51528a/Runtime/Common/BasePipelineServer.cs:237)
Unity.Pipeline.Editor.PipelineServerStartup:StartServer () (at ./Library/PackageCache/com.unity.pipeline@24975d51528a/Editor/EditorPipelineStartup.cs:164)
Unity.Pipeline.Editor.PipelineServerStartup:.cctor () (at ./Library/PackageCache/com.unity.pipeline@24975d51528a/Editor/EditorPipelineStartup.cs:44)
System.Runtime.CompilerServices.RuntimeHelpers:RunClassConstructor (System.RuntimeTypeHandle)
UnityEditor.EditorAssemblies:ProcessInitializeOnLoadAttributes (System.ReadOnlySpan`1<intptr>)

(Filename: ./Library/PackageCache/com.unity.pipeline@24975d51528a/Editor/EditorPipelineServer.cs Line: 88)

[Licensing::Client] Error: Code 404 while processing request (status: Found 0 entitlement groups and 0 free entitlements matching requested entitlement ids)
ScheduleIndexationOnStartup MainProcess:True IndexOnStartup:True
[MODES] ModeService[none].Initialize
[MODES] ModeService[none].LoadModes
Mono: successfully reloaded assembly
- Finished resetting the current domain, in  4.121 seconds
Domain Reload Profiling: 5963ms
	BeginReloadAssembly (1258ms)
		DisableScriptedObjects (133ms)
		CreateAndSetChildDomain (795ms)
	RebuildCommonClasses (13ms)
	RebuildNativeTypeToScriptingClass (21ms)
	initialDomainReloadingComplete (140ms)
	LoadAllAssembliesAndSetupDomain (409ms)
		LoadAssemblies (287ms)
		AnalyzeDomain (29ms)
			TypeCache.Refresh (11ms)
			ResolveRequiredComponents (12ms)
	FinalizeReload (4122ms)
		SetupLoadedEditorAssemblies (0ms)
			InitializePlatformSupportModulesInManaged (3ms)
			BeforeProcessingInitializeOnLoad (151ms)
			ProcessInitializeOnLoadAttributes (1265ms)
			ProcessInitializeOnLoadMethodAttributes (582ms)
			AfterProcessingInitializeOnLoad (14ms)
		AwakeInstancesAfterBackupRestoration (1123ms)

Asset Pipeline Refresh (id=7c2243739a788ce49a52b508707e3f54): Total: 6.707 seconds - Initiated by StopAssetImportingV2(ForceSynchronousImport | ForceDomainReload)
	(Values over 0.05ms)
	Summary:
		Imports: total=0 (actual=0, local cache=0, cache server=0)
		Asset DB Process Time: managed=0 ms, native=4446 ms
		Asset DB Callback time: managed=66 ms, native=2 ms
		Scripting: domain reloads=1, domain reload time=2189 ms, compile time=2 ms, other=0 ms
		Project Asset Count: scripts=2203, non-scripts=5375
		Asset File Changes: new=0, changed=0, moved=0, deleted=0
		Scan Filter Count: 0
	InvokePackagesCallback: 4.549ms
	ApplyChangesToAssetFolders: 0.433ms
	Collect global state as custom dependencies: 7.150ms
	ProcessAssetsWithTransientArtifactChanges: 0.320ms
	CategorizeAssets: 114.887ms
	CompileScripts: 1.795ms
	ImportOutOfDateAssets: 4249.259ms (4170.794ms without children)
		CollectScriptTypesHashes: 1.409ms
		ReloadNativeAssets: 1.599ms
		UnloadImportedAssets: 0.358ms
		EnsureUptoDateAssetsAreRegisteredWithGuidPM: 1.800ms
		ImportSchedulerStart: 74.636ms
	PostProcessAllAssets: 66.074ms
		MonoPostProcessAllAssets: 66.069ms
			AssetReferenceReimportMonitor.OnPostprocessAllAssets 37.037ms
			UniversalRenderPipelineGlobalSettingsPostprocessor.OnPostprocessAllAssets 20.109ms
			SyncVS.PostprocessSyncProject 14.665ms
			BuilderAssetPostprocessor.OnPostprocessAllAssets 7.339ms
			AssetChangedListener.OnPostprocessAllAssets 6.865ms
			AssetPostprocessor.OnPostprocessAllAssets 6.306ms
			SpeedTree9Postprocessor.OnPostprocessAllAssets 3.979ms
			SpriteSlicePostprocessor.OnPostprocessAllAssets 3.333ms
			GraphRefreshPostprocessor.OnPostprocessAllAssets 2.952ms
			WindowAssetPostprocessingWatcher.OnPostprocessAllAssets 2.872ms
			RenderPipelineGlobalSettingsPostprocessor.OnPostprocessAllAssets 2.163ms
			ShaderGraphAssetPostProcessor.OnPostprocessAllAssets 1.942ms
			AssetChangeDetector.OnPostprocessAllAssets 1.722ms
			RetainedModeAssetPostprocessor.OnPostprocessAllAssets 1.518ms
			MaterialPostprocessor.OnPostprocessAllAssets 1.040ms
			TMPro_TexturePostProcessor.OnPostprocessAllAssets 0.972ms
			SkillsProjectAssetPostprocessor.OnPostprocessAllAssets 0.861ms
			SpriteEditorTexturePostprocessor.OnPostprocessAllAssets 0.837ms
			InputActionAssetPostprocessor.OnPostprocessAllAssets 0.728ms
			ArtifactBrowserPostProcessor.OnPostprocessAllAssets 0.693ms
			ModelAssetProcessor.OnPostprocessAllAssets 0.662ms
			ShaderReflectionAssetPostProcessor.OnPostprocessAllAssets 0.607ms
			ReferencedClipsPostProcessor.OnPostprocessAllAssets 0.535ms
			PostProcessor.OnPostprocessAllAssets 0.504ms
			ProjectSettingsPostprocessor.OnPostprocessAllAssets 0.476ms
			AudioMixerPostprocessor.OnPostprocessAllAssets 0.471ms
			TextAssetPostProcessor.OnPostprocessAllAssets 0.420ms
			UVCSAssetPostprocessor.OnPostprocessAllAssets 0.415ms
			SampleDependencyImporterPostProcessor.OnPostprocessAllAssets 0.401ms
			InputActionJsonNameModifierAssetProcessor.OnPostprocessAllAssets 0.385ms
			EditModeScopePostprocessor.OnPostprocessAllAssets 0.364ms
			TerrainToolbarOverlayPostProcessor.OnPostprocessAllAssets 0.362ms
			AssetEvents.OnPostprocessAllAssets 0.320ms
			StyleCatalogPostProcessor.OnPostprocessAllAssets 0.301ms
			AssetDatabaseCallbacks.OnPostprocessAllAssets 0.292ms
			SpeedTreePostProcessor.OnPostprocessAllAssets 0.202ms
			ConfigAssetsTracker.OnPostprocessAllAssets 0.201ms
			TrackSelectedAssetsProcessor.OnPostprocessAllAssets 0.186ms
			SamplePostprocessor.OnPostprocessAllAssets 0.179ms
			AssetReloadNotifier.OnPostprocessAllAssets 0.153ms
			ScenarioDriftAssetsTracker.OnPostprocessAllAssets 0.150ms
			AudioContainerPostProcessor.OnPostprocessAllAssets 0.095ms
	GatherAllCurrentPrimaryImportResultRevisions: 0.348ms
	PersistCurrentRevisions: 0.257ms
	GenerateScriptTypeHashes: 4.373ms
	GenerateScriptTypeSerializationHashes: 7.288ms
	Untracked: 2250.237ms

Loaded scene 'Temp/__Backupscenes/0.backup'
	Deserialize:            2.780 ms
	Integration:            1739.677 ms
	Integration of assets:  0.003 ms
	Thread Wait Time:       0.007 ms
	Total Operation Time:   1742.468 ms
[Licensing::Client] Error: Code 404 while processing request (status: Found 0 entitlement groups and 0 free entitlements matching requested entitlement ids)
[Licensing::Client] Successfully resolved entitlement details
[Licensing::Client] Successfully resolved entitlement details
[INFO ] [relay] log Unity client connected with ID: editor-8896-i4ad9v (relay 1.0.12-build.97)
[INFO ] [relay] connection.established clientId=editor-8896-i4ad9v port=9001
[Licensing::Client] Successfully resolved entitlement details
[Licensing::Client] Successfully resolved entitlement details
Unloading 0 Unused Serialized files (Serialized files now loaded: 0)
Loaded scene 'Temp/__Backupscenes/0.backup'
	Deserialize:            2.571 ms
	Integration:            560.027 ms
	Integration of assets:  0.003 ms
	Thread Wait Time:       0.007 ms
	Total Operation Time:   562.608 ms
Unloading 72 unused Assets / (6.5 MB). Loaded Objects now: 12833.
Memory consumption went from 0.83 GB to 0.82 GB.
Total: 60.386900 ms (FindLiveObjects: 1.206000 ms CreateObjectMapping: 1.356800 ms MarkObjects: 57.603700 ms  DeleteObjects: 0.218300 ms)

[ScriptCompilation] Requested script compilation because: AssetDatabase observed changes in script compilation related files
[Licensing::Client] Successfully resolved entitlement details
info: Microsoft.AspNetCore.Hosting.Diagnostics[1]
      Request starting HTTP/2 POST http://ilpp/UnityILPP.PostProcessing/Ping - application/grpc -
info: Microsoft.AspNetCore.Routing.EndpointMiddleware[0]
      Executing endpoint 'gRPC - /UnityILPP.PostProcessing/Ping'
info: Microsoft.AspNetCore.Routing.EndpointMiddleware[1]
      Executed endpoint 'gRPC - /UnityILPP.PostProcessing/Ping'
info: Microsoft.AspNetCore.Hosting.Diagnostics[2]
      Request finished HTTP/2 POST http://ilpp/UnityILPP.PostProcessing/Ping - 200 - application/grpc 1.5055ms
Starting: C:\Program Files\Unity\Hub\Editor\6000.5.10f1\Editor\Data\Tools\BuildPipeline\bee_backend.exe --ipc --defer-dag-verification --dagfile="Library/Bee/1900b0aE.dag" --continue-on-failure --profile="Library/Bee/backend1.traceevents" ScriptAssemblies
WorkingDir: C:/Users/Keven/My project
info: Microsoft.AspNetCore.Hosting.Diagnostics[1]
      Request starting HTTP/2 POST http://ilpp/UnityILPP.PostProcessing/ConfigurePostProcessors - application/grpc -
info: Microsoft.AspNetCore.Routing.EndpointMiddleware[0]
      Executing endpoint 'gRPC - /UnityILPP.PostProcessing/ConfigurePostProcessors'
info: Unity.ILPP.Runner.PostProcessingAssemblyLoadContext[0]
      Current configuration matches the requested one, skipping
info: Microsoft.AspNetCore.Routing.EndpointMiddleware[1]
      Executed endpoint 'gRPC - /UnityILPP.PostProcessing/ConfigurePostProcessors'
info: Microsoft.AspNetCore.Hosting.Diagnostics[2]
      Request finished HTTP/2 POST http://ilpp/UnityILPP.PostProcessing/ConfigurePostProcessors - 200 - application/grpc 2.4367ms
info: Microsoft.AspNetCore.Hosting.Diagnostics[1]
      Request starting HTTP/2 POST http://ilpp/UnityILPP.PostProcessing/PostProcessAssembly - application/grpc -
info: Microsoft.AspNetCore.Routing.EndpointMiddleware[0]
      Executing endpoint 'gRPC - /UnityILPP.PostProcessing/PostProcessAssembly'
info: Unity.ILPP.Runner.PostProcessingPipeline[0]
      Processing assembly Library/Bee/artifacts/1900b0aE.dag/Assembly-CSharp.dll, with 145 defines and 370 references
info: Unity.ILPP.Runner.PostProcessingPipeline[0]
      processors: Unity.Jobs.CodeGen.JobsILPostProcessor, Unity.Pipeline.CodeGen.HotReloadInPlaceILPostProcessor, zzzUnity.Burst.CodeGen.BurstILPostProcessor
info: Unity.ILPP.Runner.PostProcessingPipeline[0]
      running Unity.Jobs.CodeGen.JobsILPostProcessor
info: Unity.ILPP.Runner.PostProcessingPipeline[0]
      running Unity.Pipeline.CodeGen.HotReloadInPlaceILPostProcessor
info: Unity.ILPP.Runner.PostProcessingPipeline[0]
      running zzzUnity.Burst.CodeGen.BurstILPostProcessor
info: Microsoft.AspNetCore.Routing.EndpointMiddleware[1]
      Executed endpoint 'gRPC - /UnityILPP.PostProcessing/PostProcessAssembly'
info: Microsoft.AspNetCore.Hosting.Diagnostics[2]
      Request finished HTTP/2 POST http://ilpp/UnityILPP.PostProcessing/PostProcessAssembly - 200 - application/grpc 51.9247ms
ExitCode: 0 Duration: 1s404ms
[1209/1583  0s] ILPP-Configuration Library/ilpp-configuration.nevergeneratedoutput
[1579/1583  0s] Csc Library/Bee/artifacts/1900b0aE.dag/Assembly-CSharp.dll (+2 others)
[1580/1583  0s] ILPostProcess Library/Bee/artifacts/1900b0aE.dag/post-processed/Assembly-CSharp.dll (+pdb)
Processing assembly Library/Bee/artifacts/1900b0aE.dag/Assembly-CSharp.dll, with 145 defines and 370 references

processors: Unity.Jobs.CodeGen.JobsILPostProcessor, Unity.Pipeline.CodeGen.HotReloadInPlaceILPostProcessor, zzzUnity.Burst.CodeGen.BurstILPostProcessor

running Unity.Jobs.CodeGen.JobsILPostProcessor

running Unity.Pipeline.CodeGen.HotReloadInPlaceILPostProcessor

running zzzUnity.Burst.CodeGen.BurstILPostProcessor
[1581/1583  0s] CopyFiles Library/ScriptAssemblies/Assembly-CSharp.pdb
[1582/1583  0s] CopyFiles Library/ScriptAssemblies/Assembly-CSharp.dll
*** Tundra build success (1.20 seconds), 5 items updated, 1583 evaluated
Reloading assemblies after forced synchronous recompile.
Begin MonoManager ReloadAssembly
[INFO ] [relay] log Domain reload signal received from client editor-8896-i4ad9v
Total cache size 267490908
Total cache size after purge 267490908, took 00:00:02.0377927
[INFO ] [relay] log Client disconnected - blocking and caching for recovery
[WARN ] [relay] connection.lost clientId=null
[WARN ] [relay] log Client disconnected - sessions will persist until auto-shutdown, reason: Client disconnected
[INFO ] [relay] log Auto-shutdown timer started due to client disconnection
Symbol file LoadedFromMemory is not a mono symbol file
Symbol file LoadedFromMemory is not a mono symbol file
Refreshing native plugins compatible for Editor in 12.00 ms, found 5 plugins.
Native extension for WindowsStandalone target not found
Native extension for WebGL target not found
[MODES] ModeService[none].Initialize
[MODES] ModeService[none].LoadModes
Refreshing native plugins compatible for Editor in 7.26 ms, found 5 plugins.
Start HTTP server: port:7801
Editor is not in automated mode. Modal Pop up might break continuous command workflow. Start the editor with -automated
UnityEngine.Debug:ExtractStackTraceNoAlloc (byte*,int,string)
UnityEngine.StackTraceUtility:ExtractStackTrace ()
UnityEngine.DebugLogHandler:Internal_Log (UnityEngine.LogType,UnityEngine.LogOption,string,UnityEngine.Object)
UnityEngine.DebugLogHandler:LogFormat (UnityEngine.LogType,UnityEngine.Object,string,object[])
UnityEngine.Logger:Log (UnityEngine.LogType,object)
UnityEngine.Debug:LogWarning (object)
Unity.Pipeline.Editor.EditorPipelineServer:ServerStarted () (at ./Library/PackageCache/com.unity.pipeline@24975d51528a/Editor/EditorPipelineServer.cs:88)
Unity.Pipeline.BasePipelineServer:Start (int) (at ./Library/PackageCache/com.unity.pipeline@24975d51528a/Runtime/Common/BasePipelineServer.cs:237)
Unity.Pipeline.Editor.PipelineServerStartup:StartServer () (at ./Library/PackageCache/com.unity.pipeline@24975d51528a/Editor/EditorPipelineStartup.cs:164)
Unity.Pipeline.Editor.PipelineServerStartup:.cctor () (at ./Library/PackageCache/com.unity.pipeline@24975d51528a/Editor/EditorPipelineStartup.cs:44)
System.Runtime.CompilerServices.RuntimeHelpers:RunClassConstructor (System.RuntimeTypeHandle)
UnityEditor.EditorAssemblies:ProcessInitializeOnLoadAttributes (System.ReadOnlySpan`1<intptr>)

(Filename: ./Library/PackageCache/com.unity.pipeline@24975d51528a/Editor/EditorPipelineServer.cs Line: 88)

[Licensing::Client] Error: Code 404 while processing request (status: Found 0 entitlement groups and 0 free entitlements matching requested entitlement ids)
ScheduleIndexationOnStartup MainProcess:True IndexOnStartup:True
Mono: successfully reloaded assembly
- Finished resetting the current domain, in  5.856 seconds
Domain Reload Profiling: 10331ms
	BeginReloadAssembly (3150ms)
		DisableScriptedObjects (689ms)
		CreateAndSetChildDomain (1398ms)
	RebuildCommonClasses (15ms)
	RebuildNativeTypeToScriptingClass (22ms)
	initialDomainReloadingComplete (199ms)
	LoadAllAssembliesAndSetupDomain (1087ms)
		LoadAssemblies (488ms)
		AnalyzeDomain (598ms)
			TypeCache.Refresh (33ms)
			BuildScriptInfoCaches (545ms)
			ResolveRequiredComponents (14ms)
	FinalizeReload (5857ms)
		SetupLoadedEditorAssemblies (0ms)
			InitializePlatformSupportModulesInManaged (3ms)
			BeforeProcessingInitializeOnLoad (1023ms)
			ProcessInitializeOnLoadAttributes (1537ms)
			ProcessInitializeOnLoadMethodAttributes (602ms)
			AfterProcessingInitializeOnLoad (14ms)
		AwakeInstancesAfterBackupRestoration (1233ms)
Refreshing native plugins compatible for Editor in 27.19 ms, found 5 plugins.

Asset Pipeline Refresh (id=92283d47809ae824e85a64de8012a17f): Total: 15.771 seconds - Initiated by RefreshV2(AllowForceSynchronousImport)
	(Values over 0.05ms)
	Summary:
		Imports: total=0 (actual=0, local cache=0, cache server=0)
		Asset DB Process Time: managed=0 ms, native=6707 ms
		Asset DB Callback time: managed=1108 ms, native=96 ms
		Scripting: domain reloads=1, domain reload time=4899 ms, compile time=2959 ms, other=0 ms
		Project Asset Count: scripts=2203, non-scripts=5375
		Asset File Changes: new=0, changed=1, moved=0, deleted=0
		Scan Filter Count: 0
	InvokePackagesCallback: 16.316ms
	ApplyChangesToAssetFolders: 0.783ms
	Scan: 120.246ms
	Collect global state as custom dependencies: 10.045ms
	OnSourceAssetsModified: 13.367ms
	CategorizeScriptCompilationAssets: 0.144ms
	ProcessAssetsWithTransientArtifactChanges: 19.075ms
	CategorizeAssets: 168.444ms
	CompileScripts: 2958.626ms
	ImportOutOfDateAssets: 6023.591ms (5915.049ms without children)
		CollectScriptTypesHashes: 7.251ms
		ReloadNativeAssets: 1.728ms
		UnloadImportedAssets: 0.273ms
		EnsureUptoDateAssetsAreRegisteredWithGuidPM: 1.901ms
		ImportSchedulerStart: 104.531ms
	PostProcessAllAssets: 1141.922ms
		XRBuildSystem.XRAssetImported 1.856ms
		PostProcessCallbackCreateDeferredMaterials 0.991ms
		VCAutoAddAssetPostprocess 0.256ms
		ShaderAssetModifiedCallback 0.246ms
		WindowTitlePostprocess 0.213ms
		MonoPostProcessAllAssets: 1106.834ms
			AssetReferenceReimportMonitor.OnPostprocessAllAssets 285.793ms
			BuilderAssetPostprocessor.OnPostprocessAllAssets 219.364ms
			UniversalRenderPipelineGlobalSettingsPostprocessor.OnPostprocessAllAssets 22.572ms
			SyncVS.PostprocessSyncProject 17.161ms
			AssetChangedListener.OnPostprocessAllAssets 11.787ms
			AssetPostprocessor.OnPostprocessAllAssets 8.945ms
			SpriteSlicePostprocessor.OnPostprocessAllAssets 5.708ms
			GraphRefreshPostprocessor.OnPostprocessAllAssets 3.560ms
			WindowAssetPostprocessingWatcher.OnPostprocessAllAssets 3.182ms
			ShaderGraphAssetPostProcessor.OnPostprocessAllAssets 3.086ms
			RetainedModeAssetPostprocessor.OnPostprocessAllAssets 2.799ms
			SpeedTree9Postprocessor.OnPostprocessAllAssets 2.449ms
			EditModeScopePostprocessor.OnPostprocessAllAssets 1.745ms
			MaterialPostprocessor.OnPostprocessAllAssets 1.737ms
			SpriteEditorTexturePostprocessor.OnPostprocessAllAssets 1.649ms
			RenderPipelineGlobalSettingsPostprocessor.OnPostprocessAllAssets 1.505ms
			AssetChangeDetector.OnPostprocessAllAssets 1.419ms
			TMPro_TexturePostProcessor.OnPostprocessAllAssets 1.326ms
			SkillsProjectAssetPostprocessor.OnPostprocessAllAssets 1.052ms
			ShaderReflectionAssetPostProcessor.OnPostprocessAllAssets 0.964ms
			InputActionAssetPostprocessor.OnPostprocessAllAssets 0.912ms
			TextAssetPostProcessor.OnPostprocessAllAssets 0.896ms
			ArtifactBrowserPostProcessor.OnPostprocessAllAssets 0.854ms
			PostProcessor.OnPostprocessAllAssets 0.761ms
			AudioMixerPostprocessor.OnPostprocessAllAssets 0.752ms
			ModelAssetProcessor.OnPostprocessAllAssets 0.668ms
			SampleDependencyImporterPostProcessor.OnPostprocessAllAssets 0.645ms
			InputActionJsonNameModifierAssetProcessor.OnPostprocessAllAssets 0.620ms
			ReferencedClipsPostProcessor.OnPostprocessAllAssets 0.555ms
			StyleCatalogPostProcessor.OnPostprocessAllAssets 0.526ms
			AssetEvents.OnPostprocessAllAssets 0.503ms
			UVCSAssetPostprocessor.OnPostprocessAllAssets 0.457ms
			ProjectSettingsPostprocessor.OnPostprocessAllAssets 0.418ms
			SamplePostprocessor.OnPostprocessAllAssets 0.378ms
			SpeedTreePostProcessor.OnPostprocessAllAssets 0.372ms
			TrackSelectedAssetsProcessor.OnPostprocessAllAssets 0.356ms
			TerrainToolbarOverlayPostProcessor.OnPostprocessAllAssets 0.354ms
			AssetDatabaseCallbacks.OnPostprocessAllAssets 0.211ms
			ConfigAssetsTracker.OnPostprocessAllAssets 0.197ms
			ScenarioDriftAssetsTracker.OnPostprocessAllAssets 0.165ms
			AssetReloadNotifier.OnPostprocessAllAssets 0.162ms
			AudioContainerPostProcessor.OnPostprocessAllAssets 0.141ms
	PostAssetChangesProfiler: 37.338ms
	GatherAllCurrentPrimaryImportResultRevisions: 2.709ms
	UnloadStreamsBegin: 4.564ms
	PersistCurrentRevisions: 0.454ms
	GenerateScriptTypeHashes: 5.721ms
	GenerateScriptTypeSerializationHashes: 9.327ms
	Untracked: 5235.571ms

[Licensing::Client] Error: Code 404 while processing request (status: Found 0 entitlement groups and 0 free entitlements matching requested entitlement ids)
[Licensing::Client] Error: Code 404 while processing request (status: Found 0 entitlement groups and 0 free entitlements matching requested entitlement ids)
[Licensing::Client] Successfully resolved entitlement details
[Licensing::Client] Successfully resolved entitlement details
[INFO ] [relay] log Unity client connected with ID: editor-8896-lvtkbn (relay 1.0.12-build.97)
[INFO ] [relay] connection.established clientId=editor-8896-lvtkbn port=9001
[Licensing::Client] Successfully resolved entitlement details
[Licensing::Client] Successfully resolved entitlement details
[Licensing::Client] Error: Code 404 while processing request (status: Found 0 entitlement groups and 0 free entitlements matching requested entitlement ids)
[Licensing::Client] Error: Code 404 while processing request (status: Found 0 entitlement groups and 0 free entitlements matching requested entitlement ids)
[Licensing::Client] Error: Code 404 while processing request (status: Found 0 entitlement groups and 0 free entitlements matching requested entitlement ids)
[Licensing::Client] Error: Code 404 while processing request (status: Found 0 entitlement groups and 0 free entitlements matching requested entitlement ids)
Reloading assemblies for play mode.
Reloading assemblies after forced synchronous recompile.
Begin MonoManager ReloadAssembly
[INFO ] [relay] log Domain reload signal received from client editor-8896-lvtkbn
[INFO ] [relay] log Client disconnected - blocking and caching for recovery
[WARN ] [relay] connection.lost clientId=null
[WARN ] [relay] log Client disconnected - sessions will persist until auto-shutdown, reason: Client disconnected
[INFO ] [relay] log Auto-shutdown timer started due to client disconnection
Symbol file LoadedFromMemory is not a mono symbol file
Symbol file LoadedFromMemory is not a mono symbol file
Refreshing native plugins compatible for Editor in 8.82 ms, found 5 plugins.
Native extension for WindowsStandalone target not found
Native extension for WebGL target not found
Start HTTP server: port:7801
Editor is not in automated mode. Modal Pop up might break continuous command workflow. Start the editor with -automated
UnityEngine.Debug:ExtractStackTraceNoAlloc (byte*,int,string)
UnityEngine.StackTraceUtility:ExtractStackTrace ()
UnityEngine.DebugLogHandler:Internal_Log (UnityEngine.LogType,UnityEngine.LogOption,string,UnityEngine.Object)
UnityEngine.DebugLogHandler:LogFormat (UnityEngine.LogType,UnityEngine.Object,string,object[])
UnityEngine.Logger:Log (UnityEngine.LogType,object)
UnityEngine.Debug:LogWarning (object)
Unity.Pipeline.Editor.EditorPipelineServer:ServerStarted () (at ./Library/PackageCache/com.unity.pipeline@24975d51528a/Editor/EditorPipelineServer.cs:88)
Unity.Pipeline.BasePipelineServer:Start (int) (at ./Library/PackageCache/com.unity.pipeline@24975d51528a/Runtime/Common/BasePipelineServer.cs:237)
Unity.Pipeline.Editor.PipelineServerStartup:StartServer () (at ./Library/PackageCache/com.unity.pipeline@24975d51528a/Editor/EditorPipelineStartup.cs:164)
Unity.Pipeline.Editor.PipelineServerStartup:.cctor () (at ./Library/PackageCache/com.unity.pipeline@24975d51528a/Editor/EditorPipelineStartup.cs:44)
System.Runtime.CompilerServices.RuntimeHelpers:RunClassConstructor (System.RuntimeTypeHandle)
UnityEditor.EditorAssemblies:ProcessInitializeOnLoadAttributes (System.ReadOnlySpan`1<intptr>)

(Filename: ./Library/PackageCache/com.unity.pipeline@24975d51528a/Editor/EditorPipelineServer.cs Line: 88)

[Licensing::Client] Error: Code 404 while processing request (status: Found 0 entitlement groups and 0 free entitlements matching requested entitlement ids)
ScheduleIndexationOnStartup MainProcess:True IndexOnStartup:True
[MODES] ModeService[none].Initialize
[MODES] ModeService[none].LoadModes
Mono: successfully reloaded assembly
- Finished resetting the current domain, in  4.619 seconds
Domain Reload Profiling: 6962ms
	BeginReloadAssembly (1682ms)
		DisableScriptedObjects (192ms)
		CreateAndSetChildDomain (1046ms)
	RebuildCommonClasses (17ms)
	RebuildNativeTypeToScriptingClass (27ms)
	initialDomainReloadingComplete (180ms)
	LoadAllAssembliesAndSetupDomain (435ms)
		LoadAssemblies (356ms)
		AnalyzeDomain (37ms)
			TypeCache.Refresh (15ms)
			ResolveRequiredComponents (16ms)
	FinalizeReload (4620ms)
		SetupLoadedEditorAssemblies (0ms)
			InitializePlatformSupportModulesInManaged (3ms)
			BeforeProcessingInitializeOnLoad (175ms)
			ProcessInitializeOnLoadAttributes (1347ms)
			ProcessInitializeOnLoadMethodAttributes (615ms)
			AfterProcessingInitializeOnLoad (13ms)
		AwakeInstancesAfterBackupRestoration (1181ms)

Asset Pipeline Refresh (id=26842d3ec54ad614ca54b36c5767afb7): Total: 7.501 seconds - Initiated by StopAssetImportingV2(ForceSynchronousImport | ForceDomainReload)
	(Values over 0.05ms)
	Summary:
		Imports: total=0 (actual=0, local cache=0, cache server=0)
		Asset DB Process Time: managed=0 ms, native=4956 ms
		Asset DB Callback time: managed=67 ms, native=0 ms
		Scripting: domain reloads=1, domain reload time=2474 ms, compile time=2 ms, other=0 ms
		Project Asset Count: scripts=2203, non-scripts=5375
		Asset File Changes: new=0, changed=0, moved=0, deleted=0
		Scan Filter Count: 0
	InvokePackagesCallback: 3.278ms
	ApplyChangesToAssetFolders: 0.570ms
	Collect global state as custom dependencies: 4.643ms
	ProcessAssetsWithTransientArtifactChanges: 0.378ms
	CategorizeAssets: 131.655ms
	CompileScripts: 1.760ms
	ImportOutOfDateAssets: 4733.533ms (4653.637ms without children)
		CollectScriptTypesHashes: 1.273ms
		ReloadNativeAssets: 1.618ms
		UnloadImportedAssets: 0.361ms
		EnsureUptoDateAssetsAreRegisteredWithGuidPM: 2.094ms
		ImportSchedulerStart: 75.733ms
	PostProcessAllAssets: 67.403ms
		MonoPostProcessAllAssets: 67.394ms
			AssetReferenceReimportMonitor.OnPostprocessAllAssets 285.793ms
			BuilderAssetPostprocessor.OnPostprocessAllAssets 219.364ms
			UniversalRenderPipelineGlobalSettingsPostprocessor.OnPostprocessAllAssets 22.530ms
			SyncVS.PostprocessSyncProject 14.264ms
			AssetChangedListener.OnPostprocessAllAssets 11.787ms
			AssetPostprocessor.OnPostprocessAllAssets 8.945ms
			SpriteSlicePostprocessor.OnPostprocessAllAssets 5.708ms
			WindowAssetPostprocessingWatcher.OnPostprocessAllAssets 3.327ms
			ShaderGraphAssetPostProcessor.OnPostprocessAllAssets 3.086ms
			RetainedModeAssetPostprocessor.OnPostprocessAllAssets 2.799ms
			GraphRefreshPostprocessor.OnPostprocessAllAssets 2.778ms
			SpeedTree9Postprocessor.OnPostprocessAllAssets 2.667ms
			AssetChangeDetector.OnPostprocessAllAssets 1.759ms
			MaterialPostprocessor.OnPostprocessAllAssets 1.737ms
			SpriteEditorTexturePostprocessor.OnPostprocessAllAssets 1.649ms
			RenderPipelineGlobalSettingsPostprocessor.OnPostprocessAllAssets 1.611ms
			TMPro_TexturePostProcessor.OnPostprocessAllAssets 1.326ms
			SkillsProjectAssetPostprocessor.OnPostprocessAllAssets 1.052ms
			TextAssetPostProcessor.OnPostprocessAllAssets 0.896ms
			ArtifactBrowserPostProcessor.OnPostprocessAllAssets 0.854ms
			PostProcessor.OnPostprocessAllAssets 0.761ms
			AudioMixerPostprocessor.OnPostprocessAllAssets 0.752ms
			ModelAssetProcessor.OnPostprocessAllAssets 0.668ms
			SampleDependencyImporterPostProcessor.OnPostprocessAllAssets 0.645ms
			InputActionJsonNameModifierAssetProcessor.OnPostprocessAllAssets 0.620ms
			ShaderReflectionAssetPostProcessor.OnPostprocessAllAssets 0.591ms
			ReferencedClipsPostProcessor.OnPostprocessAllAssets 0.569ms
			InputActionAssetPostprocessor.OnPostprocessAllAssets 0.552ms
			StyleCatalogPostProcessor.OnPostprocessAllAssets 0.526ms
			AssetEvents.OnPostprocessAllAssets 0.503ms
			UVCSAssetPostprocessor.OnPostprocessAllAssets 0.457ms
			EditModeScopePostprocessor.OnPostprocessAllAssets 0.399ms
			SamplePostprocessor.OnPostprocessAllAssets 0.378ms
			SpeedTreePostProcessor.OnPostprocessAllAssets 0.372ms
			AssetDatabaseCallbacks.OnPostprocessAllAssets 0.363ms
			TrackSelectedAssetsProcessor.OnPostprocessAllAssets 0.356ms
			ProjectSettingsPostprocessor.OnPostprocessAllAssets 0.327ms
			TerrainToolbarOverlayPostProcessor.OnPostprocessAllAssets 0.220ms
			ConfigAssetsTracker.OnPostprocessAllAssets 0.197ms
			ScenarioDriftAssetsTracker.OnPostprocessAllAssets 0.165ms
			AssetReloadNotifier.OnPostprocessAllAssets 0.162ms
			AudioContainerPostProcessor.OnPostprocessAllAssets 0.141ms
	GatherAllCurrentPrimaryImportResultRevisions: 0.588ms
	PersistCurrentRevisions: 0.275ms
	GenerateScriptTypeHashes: 4.389ms
	GenerateScriptTypeSerializationHashes: 7.280ms
	Untracked: 2546.429ms

Loaded scene 'Temp/__Backupscenes/0.backup'
	Deserialize:            4.511 ms
	Integration:            1718.186 ms
	Integration of assets:  0.012 ms
	Thread Wait Time:       0.013 ms
	Total Operation Time:   1722.722 ms
[Licensing::Client] Error: Code 404 while processing request (status: Found 0 entitlement groups and 0 free entitlements matching requested entitlement ids)
[Licensing::Client] Successfully resolved entitlement details
[Licensing::Client] Successfully resolved entitlement details
[Licensing::Client] Successfully resolved entitlement details
[INFO ] [relay] log Unity client connected with ID: editor-8896-2q6dpu (relay 1.0.12-build.97)
[INFO ] [relay] connection.established clientId=editor-8896-2q6dpu port=9001
[Licensing::Client] Successfully resolved entitlement details
[Licensing::Client] Successfully resolved entitlement details
Chave door01 coletada!
UnityEngine.Debug:ExtractStackTraceNoAlloc (byte*,int,string)
UnityEngine.StackTraceUtility:ExtractStackTrace ()
UnityEngine.DebugLogHandler:Internal_Log (UnityEngine.LogType,UnityEngine.LogOption,string,UnityEngine.Object)
UnityEngine.DebugLogHandler:LogFormat (UnityEngine.LogType,UnityEngine.Object,string,object[])
UnityEngine.Logger:Log (UnityEngine.LogType,object)
UnityEngine.Debug:Log (object)
Key:Interact (UnityEngine.GameObject) (at Assets/Scripts/Key.cs:13)
PlayerInteraction:TryInteract () (at Assets/Scripts/PlayerInteraction.cs:78)
PlayerInteraction:Update () (at Assets/Scripts/PlayerInteraction.cs:40)

(Filename: Assets/Scripts/Key.cs Line: 13)

Interagiu com: Key (Key)
UnityEngine.Debug:ExtractStackTraceNoAlloc (byte*,int,string)
UnityEngine.StackTraceUtility:ExtractStackTrace ()
UnityEngine.DebugLogHandler:Internal_Log (UnityEngine.LogType,UnityEngine.LogOption,string,UnityEngine.Object)
UnityEngine.DebugLogHandler:LogFormat (UnityEngine.LogType,UnityEngine.Object,string,object[])
UnityEngine.Logger:Log (UnityEngine.LogType,object)
UnityEngine.Debug:Log (object)
PlayerInteraction:TryInteract () (at Assets/Scripts/PlayerInteraction.cs:79)
PlayerInteraction:Update () (at Assets/Scripts/PlayerInteraction.cs:40)

(Filename: Assets/Scripts/PlayerInteraction.cs Line: 79)

Porta interagida!
UnityEngine.Debug:ExtractStackTraceNoAlloc (byte*,int,string)
UnityEngine.StackTraceUtility:ExtractStackTrace ()
UnityEngine.DebugLogHandler:Internal_Log (UnityEngine.LogType,UnityEngine.LogOption,string,UnityEngine.Object)
UnityEngine.DebugLogHandler:LogFormat (UnityEngine.LogType,UnityEngine.Object,string,object[])
UnityEngine.Logger:Log (UnityEngine.LogType,object)
UnityEngine.Debug:Log (object)
Door:Interact (UnityEngine.GameObject) (at Assets/Scripts/Door.cs:25)
PlayerInteraction:TryInteract () (at Assets/Scripts/PlayerInteraction.cs:78)
PlayerInteraction:Update () (at Assets/Scripts/PlayerInteraction.cs:40)

(Filename: Assets/Scripts/Door.cs Line: 25)

Porta destrancada!
UnityEngine.Debug:ExtractStackTraceNoAlloc (byte*,int,string)
UnityEngine.StackTraceUtility:ExtractStackTrace ()
UnityEngine.DebugLogHandler:Internal_Log (UnityEngine.LogType,UnityEngine.LogOption,string,UnityEngine.Object)
UnityEngine.DebugLogHandler:LogFormat (UnityEngine.LogType,UnityEngine.Object,string,object[])
UnityEngine.Logger:Log (UnityEngine.LogType,object)
UnityEngine.Debug:Log (object)
Door:Unlock () (at Assets/Scripts/Door.cs:19)
Door:Interact (UnityEngine.GameObject) (at Assets/Scripts/Door.cs:35)
PlayerInteraction:TryInteract () (at Assets/Scripts/PlayerInteraction.cs:78)
PlayerInteraction:Update () (at Assets/Scripts/PlayerInteraction.cs:40)

(Filename: Assets/Scripts/Door.cs Line: 19)

A porta está trancada! Você precisa de uma chave para abri-la.
UnityEngine.Debug:ExtractStackTraceNoAlloc (byte*,int,string)
UnityEngine.StackTraceUtility:ExtractStackTrace ()
UnityEngine.DebugLogHandler:Internal_Log (UnityEngine.LogType,UnityEngine.LogOption,string,UnityEngine.Object)
UnityEngine.DebugLogHandler:LogFormat (UnityEngine.LogType,UnityEngine.Object,string,object[])
UnityEngine.Logger:Log (UnityEngine.LogType,object)
UnityEngine.Debug:Log (object)
Door:Interact (UnityEngine.GameObject) (at Assets/Scripts/Door.cs:38)
PlayerInteraction:TryInteract () (at Assets/Scripts/PlayerInteraction.cs:78)
PlayerInteraction:Update () (at Assets/Scripts/PlayerInteraction.cs:40)

(Filename: Assets/Scripts/Door.cs Line: 38)

Interagiu com: DoorRoot (Door)
UnityEngine.Debug:ExtractStackTraceNoAlloc (byte*,int,string)
UnityEngine.StackTraceUtility:ExtractStackTrace ()
UnityEngine.DebugLogHandler:Internal_Log (UnityEngine.LogType,UnityEngine.LogOption,string,UnityEngine.Object)
UnityEngine.DebugLogHandler:LogFormat (UnityEngine.LogType,UnityEngine.Object,string,object[])
UnityEngine.Logger:Log (UnityEngine.LogType,object)
UnityEngine.Debug:Log (object)
PlayerInteraction:TryInteract () (at Assets/Scripts/PlayerInteraction.cs:79)
PlayerInteraction:Update () (at Assets/Scripts/PlayerInteraction.cs:40)

(Filename: Assets/Scripts/PlayerInteraction.cs Line: 79)

Porta interagida!
UnityEngine.Debug:ExtractStackTraceNoAlloc (byte*,int,string)
UnityEngine.StackTraceUtility:ExtractStackTrace ()
UnityEngine.DebugLogHandler:Internal_Log (UnityEngine.LogType,UnityEngine.LogOption,string,UnityEngine.Object)
UnityEngine.DebugLogHandler:LogFormat (UnityEngine.LogType,UnityEngine.Object,string,object[])
UnityEngine.Logger:Log (UnityEngine.LogType,object)
UnityEngine.Debug:Log (object)
Door:Interact (UnityEngine.GameObject) (at Assets/Scripts/Door.cs:25)
PlayerInteraction:TryInteract () (at Assets/Scripts/PlayerInteraction.cs:78)
PlayerInteraction:Update () (at Assets/Scripts/PlayerInteraction.cs:40)

(Filename: Assets/Scripts/Door.cs Line: 25)

Interagiu com: DoorRoot (Door)
UnityEngine.Debug:ExtractStackTraceNoAlloc (byte*,int,string)
UnityEngine.StackTraceUtility:ExtractStackTrace ()
UnityEngine.DebugLogHandler:Internal_Log (UnityEngine.LogType,UnityEngine.LogOption,string,UnityEngine.Object)
UnityEngine.DebugLogHandler:LogFormat (UnityEngine.LogType,UnityEngine.Object,string,object[])
UnityEngine.Logger:Log (UnityEngine.LogType,object)
UnityEngine.Debug:Log (object)
PlayerInteraction:TryInteract () (at Assets/Scripts/PlayerInteraction.cs:79)
PlayerInteraction:Update () (at Assets/Scripts/PlayerInteraction.cs:40)

(Filename: Assets/Scripts/PlayerInteraction.cs Line: 79)

Porta interagida!
UnityEngine.Debug:ExtractStackTraceNoAlloc (byte*,int,string)
UnityEngine.StackTraceUtility:ExtractStackTrace ()
UnityEngine.DebugLogHandler:Internal_Log (UnityEngine.LogType,UnityEngine.LogOption,string,UnityEngine.Object)
UnityEngine.DebugLogHandler:LogFormat (UnityEngine.LogType,UnityEngine.Object,string,object[])
UnityEngine.Logger:Log (UnityEngine.LogType,object)
UnityEngine.Debug:Log (object)
Door:Interact (UnityEngine.GameObject) (at Assets/Scripts/Door.cs:25)
PlayerInteraction:TryInteract () (at Assets/Scripts/PlayerInteraction.cs:78)
PlayerInteraction:Update () (at Assets/Scripts/PlayerInteraction.cs:40)

(Filename: Assets/Scripts/Door.cs Line: 25)

Interagiu com: DoorRoot (Door)
UnityEngine.Debug:ExtractStackTraceNoAlloc (byte*,int,string)
UnityEngine.StackTraceUtility:ExtractStackTrace ()
UnityEngine.DebugLogHandler:Internal_Log (UnityEngine.LogType,UnityEngine.LogOption,string,UnityEngine.Object)
UnityEngine.DebugLogHandler:LogFormat (UnityEngine.LogType,UnityEngine.Object,string,object[])
UnityEngine.Logger:Log (UnityEngine.LogType,object)
UnityEngine.Debug:Log (object)
PlayerInteraction:TryInteract () (at Assets/Scripts/PlayerInteraction.cs:79)
PlayerInteraction:Update () (at Assets/Scripts/PlayerInteraction.cs:40)

(Filename: Assets/Scripts/PlayerInteraction.cs Line: 79)

Unloading 0 Unused Serialized files (Serialized files now loaded: 0)
Loaded scene 'Temp/__Backupscenes/0.backup'
	Deserialize:            2.808 ms
	Integration:            446.960 ms
	Integration of assets:  0.031 ms
	Thread Wait Time:       -0.022 ms
	Total Operation Time:   449.777 ms
Unloading 73 unused Assets / (15.7 MB). Loaded Objects now: 12842.
Memory consumption went from 0.84 GB to 0.83 GB.
Total: 57.197900 ms (FindLiveObjects: 0.910300 ms CreateObjectMapping: 0.929100 ms MarkObjects: 53.644200 ms  DeleteObjects: 1.707000 ms)

[Licensing::Client] Successfully resolved entitlement details
[main 2026-09-03T21:34:49.890Z] update#setState restarting
[main 2026-09-03T21:34:50.089Z] Extension host with pid 10636 exited with code: 0, signal: unknown.
[Licensing::Client] Successfully resolved entitlement details

Asset Pipeline Refresh (id=9b0d072b6502bb847927c77a386c81a8): Total: 0.607 seconds - Initiated by RefreshV2(AllowForceSynchronousImport)
	(Values over 0.05ms)
	Summary:
		Imports: total=0 (actual=0, local cache=0, cache server=0)
		Asset DB Process Time: managed=0 ms, native=557 ms
		Asset DB Callback time: managed=0 ms, native=43 ms
		Scripting: domain reloads=0, domain reload time=0 ms, compile time=0 ms, other=0 ms
		Project Asset Count: scripts=2203, non-scripts=5375
		Asset File Changes: new=0, changed=0, moved=0, deleted=0
		Scan Filter Count: 0
	InvokeCustomDependenciesCallbacks: 0.230ms
	InvokePackagesCallback: 43.754ms
	ApplyChangesToAssetFolders: 13.220ms
	Scan: 456.261ms
	Collect global state as custom dependencies: 9.008ms
	GatherAllCurrentPrimaryImportResultRevisions: 17.833ms
	UnloadStreamsBegin: 0.623ms
	UnloadStreamsEnd: 0.178ms
	Untracked: 54.969ms

[Licensing::Client] Error: Code 404 while processing request (status: Found 0 entitlement groups and 0 free entitlements matching requested entitlement ids)
Importing 'GUID: 0000000000000000b000000000000000 - Path: ProjectSettings/EditorBuildSettings.asset' with importer (LibraryAssetImporter)
Imported 'GUID: 0000000000000000b000000000000000' -> (Import Result ID: 'eac946c890b7da5bc74ed1f2341af64b') in 0.102 seconds [static dependencies only]. Details - ImportResultOutputID=4647dd083cfc32cebcd7526e8846440c DependenciesID=903408a8e7cb0809299789770e46a0bf StaticDependenciesID=f357ce778a1c0d061fc463ee29b2faa0 
Refreshing native plugins compatible for Editor in 21.32 ms, found 5 plugins.

Asset Pipeline Refresh (id=830777286c72a71408fd1e39861c4311): Total: 6.645 seconds - Initiated by StopAssetImportingV2(NoUpdateAssetOptions)
	(Values over 0.05ms)
	Summary:
		Imports: total=1 (actual=1, local cache=0, cache server=0)
		Asset DB Process Time: managed=23 ms, native=1168 ms
		Asset DB Callback time: managed=5135 ms, native=317 ms
		Scripting: domain reloads=0, domain reload time=0 ms, compile time=0 ms, other=0 ms
		Project Asset Count: scripts=2203, non-scripts=5375
		Asset File Changes: new=0, changed=0, moved=0, deleted=0
		Scan Filter Count: 1
	ApplyChangesToAssetFolders: 0.309ms
	Scan: 12.820ms
	Collect global state as custom dependencies: 0.465ms
	CategorizeScriptCompilationAssets: 0.855ms
	ProcessAssetsWithTransientArtifactChanges: 9.393ms
	CategorizeAssets: 22.838ms
	ImportOutOfDateAssets: 1079.789ms (600.613ms without children)
		ImportManagerImport: 124.330ms (11.491ms without children)
		ReloadNativeAssets: 3.553ms
		UnloadImportedAssets: 0.323ms
		EnsureUptoDateAssetsAreRegisteredWithGuidPM: 2.837ms
		ImportSchedulerStart: 348.125ms
	PostProcessAllAssets: 5353.975ms
		XRBuildSystem.XRAssetImported 204.084ms
		ObjectImages.AssetImported 0.446ms
		VersionControlSettings.HiddenFilePostprocess 0.348ms
		WindowTitlePostprocess 0.310ms
		VCAutoAddAssetPostprocess 0.284ms
		AssemblyValidation.PostprocessAllAssets 0.254ms
		PostProcessCallbackCreateDeferredMaterials 0.061ms
		ShaderAssetModifiedCallback 0.051ms
		MonoPostProcessAllAssets: 5135.532ms
			SpriteSlicePostprocessor.OnPostprocessAllAssets 346.846ms
			AssetReferenceReimportMonitor.OnPostprocessAllAssets 206.933ms
			BuilderAssetPostprocessor.OnPostprocessAllAssets 151.623ms
			AssetChangedListener.OnPostprocessAllAssets 86.828ms
			AssetPostprocessor.OnPostprocessAllAssets 76.560ms
			SyncVS.PostprocessSyncProject 63.025ms
			RetainedModeAssetPostprocessor.OnPostprocessAllAssets 28.635ms
			ShaderGraphAssetPostProcessor.OnPostprocessAllAssets 27.937ms
			TMPro_TexturePostProcessor.OnPostprocessAllAssets 27.633ms
			SampleDependencyImporterPostProcessor.OnPostprocessAllAssets 26.850ms
			ModelAssetProcessor.OnPostprocessAllAssets 23.362ms
			ArtifactBrowserPostProcessor.OnPostprocessAllAssets 22.970ms
			SkillsProjectAssetPostprocessor.OnPostprocessAllAssets 16.921ms
			SpriteEditorTexturePostprocessor.OnPostprocessAllAssets 14.041ms
			SpeedTreePostProcessor.OnPostprocessAllAssets 13.131ms
			TextAssetPostProcessor.OnPostprocessAllAssets 12.407ms
			AudioMixerPostprocessor.OnPostprocessAllAssets 11.088ms
			PostProcessor.OnPostprocessAllAssets 10.377ms
			UVCSAssetPostprocessor.OnPostprocessAllAssets 8.831ms
			GraphRefreshPostprocessor.OnPostprocessAllAssets 8.024ms
			MaterialPostprocessor.OnPostprocessAllAssets 7.882ms
			InputActionJsonNameModifierAssetProcessor.OnPostprocessAllAssets 7.330ms
			TrackSelectedAssetsProcessor.OnPostprocessAllAssets 5.984ms
			ScenarioDriftAssetsTracker.OnPostprocessAllAssets 5.755ms
			StyleCatalogPostProcessor.OnPostprocessAllAssets 5.319ms
			AssetReloadNotifier.OnPostprocessAllAssets 4.879ms
			ConfigAssetsTracker.OnPostprocessAllAssets 4.680ms
			InputActionAssetPostprocessor.OnPostprocessAllAssets 4.490ms
			AssetEvents.OnPostprocessAllAssets 3.095ms
			SamplePostprocessor.OnPostprocessAllAssets 2.876ms
			UniversalRenderPipelineGlobalSettingsPostprocessor.OnPostprocessAllAssets 2.538ms
			EditModeScopePostprocessor.OnPostprocessAllAssets 1.982ms
			RenderPipelineGlobalSettingsPostprocessor.OnPostprocessAllAssets 1.229ms
			AudioContainerPostProcessor.OnPostprocessAllAssets 1.106ms
			ShaderReflectionAssetPostProcessor.OnPostprocessAllAssets 0.856ms
			ProjectSettingsPostprocessor.OnPostprocessAllAssets 0.695ms
			AssetDatabaseCallbacks.OnPostprocessAllAssets 0.621ms
			TerrainToolbarOverlayPostProcessor.OnPostprocessAllAssets 0.617ms
			AssetChangeDetector.OnPostprocessAllAssets 0.475ms
			ReferencedClipsPostProcessor.OnPostprocessAllAssets 0.371ms
			SpeedTree9Postprocessor.OnPostprocessAllAssets 0.052ms
	PostAssetChangesProfiler: 99.637ms
	GatherAllCurrentPrimaryImportResultRevisions: 0.488ms
	PersistCurrentRevisions: 0.275ms
	Untracked: 63.796ms

Importing 'GUID: 99c9720ab356a0642a771bea13969a05 - Path: Assets/Scenes/Main.unity' with importer (DefaultImporter)
Imported 'GUID: 99c9720ab356a0642a771bea13969a05' -> (Import Result ID: '5fcafc9a3d73dc47f77313d4481ea827') in 0.037 seconds [static dependencies only]. Details - ImportResultOutputID=29b16216074170bd9e9b918551deb2f0 DependenciesID=2f6bae67a0e7b862d2d0e4e0f8e76a4c StaticDependenciesID=da486205afea2141cca8570a8fecf87f 
Refreshing native plugins compatible for Editor in 14.13 ms, found 5 plugins.

Asset Pipeline Refresh (id=cbb1b38d2c794754b8cc7166b66dce56): Total: 1.308 seconds - Initiated by StopAssetImportingV2(NoUpdateAssetOptions)
	(Values over 0.05ms)
	Summary:
		Imports: total=1 (actual=1, local cache=0, cache server=0)
		Asset DB Process Time: managed=0 ms, native=1257 ms
		Asset DB Callback time: managed=31 ms, native=18 ms
		Scripting: domain reloads=0, domain reload time=0 ms, compile time=0 ms, other=0 ms
		Project Asset Count: scripts=2203, non-scripts=5375
		Asset File Changes: new=0, changed=1, moved=0, deleted=0
		Scan Filter Count: 3
	ApplyChangesToAssetFolders: 1.228ms
	Scan: 31.685ms
	Collect global state as custom dependencies: 0.566ms
	OnSourceAssetsModified: 22.377ms
	CategorizeScriptCompilationAssets: 0.591ms
	ProcessAssetsWithTransientArtifactChanges: 0.149ms
	CategorizeAssets: 86.829ms
	ImportOutOfDateAssets: 215.138ms (25.070ms without children)
		ImportManagerImport: 44.524ms (2.456ms without children)
			UpdateCategorizedAssets: 0.120ms
		ReloadNativeAssets: 0.113ms
		UnloadImportedAssets: 0.600ms
		EnsureUptoDateAssetsAreRegisteredWithGuidPM: 3.862ms
		ImportSchedulerStart: 140.929ms
	PostProcessAllAssets: 12.147ms
		XRBuildSystem.XRAssetImported 1.636ms
		PostProcessCallbackCreateDeferredMaterials 0.056ms
		MonoPostProcessAllAssets: 10.211ms
			SyncVS.PostprocessSyncProject 2.680ms
			GraphRefreshPostprocessor.OnPostprocessAllAssets 2.341ms
			AssetChangedListener.OnPostprocessAllAssets 1.025ms
			SpriteEditorTexturePostprocessor.OnPostprocessAllAssets 0.551ms
			SkillsProjectAssetPostprocessor.OnPostprocessAllAssets 0.438ms
			TMPro_TexturePostProcessor.OnPostprocessAllAssets 0.398ms
			ModelAssetProcessor.OnPostprocessAllAssets 0.301ms
			ShaderGraphAssetPostProcessor.OnPostprocessAllAssets 0.165ms
			RenderPipelineGlobalSettingsPostprocessor.OnPostprocessAllAssets 0.152ms
			AssetPostprocessor.OnPostprocessAllAssets 0.120ms
			SpriteSlicePostprocessor.OnPostprocessAllAssets 0.098ms
			UniversalRenderPipelineGlobalSettingsPostprocessor.OnPostprocessAllAssets 0.092ms
			PostProcessor.OnPostprocessAllAssets 0.064ms
	PostAssetChangesProfiler: 15.362ms
	GatherAllCurrentPrimaryImportResultRevisions: 3.694ms
	PersistCurrentRevisions: 0.823ms
	Untracked: 916.802ms

MonoPathRemapper: Attempts to remap: 300811; Successful remaps: 37802
Serialized file version minimum: 22, current 23
[LAYOUT] About to save layout C:\Users\Keven\My project\UserSettings\Layouts\default-6000.dwlt
[LAYOUT] About to save layout C:/Users/Keven/AppData/Roaming/Unity/Editor-5.x/Preferences\Layouts\current\default-6000.dwlt
Pipeline Server stopped
[INFO ] [relay] log Shutdown request received from client editor-8896-2q6dpu
[INFO ] [relay] log Unity client requested immediate shutdown - shutting down now, reason: Shutdown requested by client
[INFO ] [relay] log Shutdown: Initiating graceful shutdown: Shutdown requested by client
�XITO: o processo com PID 16740 (processo filho de PID 16312) foi finalizado.
�XITO: o processo com PID 16312 (processo filho de PID 8896) foi finalizado.
Input System module state changed to: ShutdownInProgress.
Input Polling Thread exited.
Input System module state changed to: Shutdown.
[Physics::Module] Cleanup current backend.
[Physics::Module] Id: 0xf2b8ea05
[Licensing::IpcConnector] LicenseClient-Keven-6000.5.10-notifications channel disconnected successfully.
[Licensing::IpcConnector] LicenseClient-Keven-6000.5.10 channel disconnected successfully.
Shut down.
Lingering sessions upon destruction of worker manager
AcceleratorClientConnectionCallback - disconnected - :0
Cleanup mono
CodeReloadManager destroyed
abort_threads: Failed aborting id: 0000000000003CA8, mono_thread_manage will ignore it

abort_threads: Failed aborting id: 0000000000003CA8, mono_thread_manage will ignore it

debugger-agent: Unable to listen on 5020
Checking for leaked weakptr:
  Found no leaked weakptrs.
[Package Manager] Server process was shutdown
##utp:{"type":"MemoryLeaks","version":2,"phase":"Immediate","time":1788475483391,"processId":8896,"allocatedMemory":57985440,"memoryLabels":[{"Default":232421},{"Permanent":15516},{"NewDelete":72013},{"Thread":4197560},{"Manager":823333},{"VertexData":8},{"Geometry":816},{"Texture":24},{"Shader":858815},{"Material":24},{"GfxDevice":55328},{"Animation":952},{"Audio":1544},{"FreeType":8},{"FontEngine":736},{"Physics":2146},{"Physics2D":16},{"Serialization":2776},{"Input":45280},{"JobScheduler":256},{"TextLib":22414},{"Mono":48},{"MonoCode":768},{"ScriptingNativeRuntime":1918940},{"BaseObject":1622024},{"Resource":1208},{"Renderer":3080},{"Transform":4685},{"File":12904},{"WebCam":616},{"Culling":32},{"Terrain":11442},{"Wind":24},{"STL":40},{"String":9562},{"StaticString":3808},{"Utility":2673450},{"Curl":48},{"PoolAlloc":2936},{"AI":80},{"TypeTree":1328274},{"CodeReload":448},{"RuntimeInitializeOnLoadManager":64},{"Sprites":102},{"SpriteAtlas":120},{"GI":7816},{"Director":8296},{"CloudService":6920},{"WebRequest":8676},{"VR":47114},{"SceneManager":608},{"Video":208},{"LazyScriptCache":32},{"NativeArray":33072848},{"Camera":17},{"Secure":3785},{"SerializationCache":1576},{"APIUpdating":10320},{"Subsystems":336},{"VirtualTexturing":57888},{"StaticSafetyDebugInfo":278528},{"Analytics":552},{"Hierarchy":1176},{"UIElements":1112400},{"CoreStats":13688},{"Identifiers":6768},{"Gui":331},{"EditorUtility":319103},{"VersionControl":8},{"Undo":931},{"AssetDatabase":9011870},{"AssetImporter":40},{"EditorGi":328},{"UnityConnect":35345},{"Upm":1988},{"UpmDiagnostics":8},{"AssetCompliance":64},{"DrivenProperties":72},{"LocalIPC":211},{"ProfilerEditor":9746},{"CoreBusinessMetrics":3482},{"Windowing":456},{"TLS":34560},{"Licensing":696},{"AssetReference":32},{"IPCStream":32}]}
